ID;Nombre;Marca;Especie;Etapa_de_Vida;PB(%);EE(%);Ash(%);Humedad(%);FC(%);ENA(%);FC_MS (%);GE(kcal);DE(kcal);ME(kcal);Precio_USD_kg;Ingredientes (5 primeros de la lista);Fuente_PB;Fuente_EE;Fuente_FC;Otros
1;Vet life natural canine cardiac; Farmina Pet Foods;canino;Adulto;24,00;18,00;6,90;9,00;3,40;38,70;3,74;478,61;410,92;385,96;18,50;Sub-producto de arroz, harina de vísceras de aves, avena sin cáscara, aceite de pescado refinado, huevo en polvo;"harina de vísceras de aves; huevo en polvo";aceite de pescado refinado;"sub-producto de arroz; avena sin cáscara";—
2;Vet life natural canine renal; Farmina Pet Foods;Canino ;Adulto;13,30;17,00;4,60;9,00;1,60;54,50;1,76;465,62;412,94;399,11;13,63;Sub-producto de arroz, huevo en polvo, grasa de pollo, aceite de pescado refinado, semilla de linaza;huevo en polvo;"grasa de pollo; aceite de pescado refinado; semilla de linaza";sub-producto de arroz;—
3;Balan Can;Agripac;Canino;Adultos;18,00;7,00;8,00;12,00;6,00;49,00;6,82;393,90;320,83;302,11;1,29;Harina de trigo integral, maíz, salvado de trigo, arroz partido, harina de pollo;harina de pollo;—;"harina de trigo integral; maíz; salvado de trigo; arroz partido";—
4;Buen Can ;Agripac;Canino ;Adultos Razas medianas y grandes;21,00;7,00;10,00;10,00;4,00;48,00;4,44;398,70;338,27;316,43;1,36;Maíz, trigo, pasta de soya, salvado de trigo, harina de pollo;"pasta de soya; harina de pollo";—;"maíz; trigo; salvado de trigo";—
5;Alcon Dog Food Adultos Sabor A Pollo;Agripac;Canino ;Adultos;21,00;7,00;7,50;10,00;4,00;50,50;4,44;408,95;346,97;325,13;1,50;Maíz, Pasta de soya, Harma de pollo, Harina de trigo integra, Afrechillo de trigo;"pasta de soya; Harma de pollo";—;"Maíz; Harina de trigo integra; Afrechillo de trigo";—
6;Nutrapro Cachorros razas medianas y grandes;Agripac;Canino ;Cachorro ;27,00;8,00;8,00;12,00;4,00;41,00;4,55;413,60;350,32;322,24;3,80;Harina de pollo, arroz, maíz, Núcleo Nutra Pro Cachorros, Gluten de maíz,;"Harina de pollo; Gluten de maíz";—;"arroz; maíz";Núcleo Nutra Pro Cachorros
7;Nutrapro Cachorros razas pequeńas y miniaturas ;Agripac;Canino ;Cachorro ;29,00;13,00;8,00;12,00;3,00;35,00;3,41;443,30;382,68;352,52;4,56;Harina de pollo, maíz, arroz, gluten de maíz, Núcleo Nutra Pro Cachorros, ;"Harina de pollo; gluten de maíz";—;"maíz; arroz";Núcleo Nutra Pro Cachorros
8;Nutrapro Adultos razas medianas y grandes ;Agripac;Canino ;Adultos;21,00;7,00;8,00;12,00;4,00;48,00;4,55;398,70;337,70;315,86;3,45;Harina de pollo, arroz, trigo y/o subproductos, maíz, Núcleo Nutra Pro Adultos,;Harina de pollo;—;"arroz; trigo y/o subproductos; maíz";Núcleo Nutra Pro Adultos
9;Nutrapro Adultos razas pequeńas y miniaturas ;Agripac;Canino ;Adultos ;23,00;8,00;10,00;12,00;4,00;43,00;4,55;399,00;337,95;314,03;4,39;Harina de pollo, arroz, maíz, trigo y/o subproductos, Núcleo Nutra Pro Adultos;Harina de pollo;—;"arroz; maíz; trigo y/o subproductos";Núcleo Nutra Pro Adultos
10;Wellness super premium adultos razas pequeńas y medianas;Agripac;Canino ;Adultos ;28,00;10,00;9,00;10,00;4,00;39,00;4,44;429,90;364,75;335,63;9,56;Harina de salmón, harina de pollo, almidón de yuca, aceite de pollo, hidrolizado de pollo y cerdo, ;"Harina de salmón; harina de pollo; hidrolizado de pollo y cerdo";aceite de pollo;almidón de yuca;—
11;Wellness super premium adultos razas medianas y grandes ;Agripac;Canino ;Adultos ;23,00;10,00;9,00;10,00;4,00;44,00;4,44;421,90;357,96;334,04;14,00;Harina de salmón, harina de pollo, almidón de yuca, aceite de pollo, hidrolizado de pollo y cerdo, ;"Harina de salmón; harina de pollo; hidrolizado de pollo y cerdo";aceite de pollo;almidón de yuca;—
12;NutraPro;Agripac ;Canino ;Adultos razas medianas y grandes;21,00;7,00;8,00;12,00;4,00;48,00;4,55;398,70;337,70;315,86;6,50;Harina de pollo, arroz, trigo y/o subproductos, maíz, Núcleo Nutra Pro Adultos (pulpa de remolacha, levadura de cerveza, Saccharomyces cerevisiae, huevo en polvo);"Harina de pollo; huevo en polvo";—;"arroz; trigo y/o subproductos; maíz; pulpa de remolacha";"Núcleo Nutra Pro Adultos; levadura de cerveza; Saccharomyces cerevisiae"
13;NutraPro;Agripac ;Canino;Adulto razas pequeńas y miniaturas;23,00;8,00;10,00;12,00;4,00;43,00;4,55;399,00;337,95;314,03;6,87;Harina de pollo, arroz, maíz, trigo y/o subproductos, núcleo nutra pro adultos (pulpa de remolacha, levadura de cerveza, huevo en polvo);"Harina de pollo; huevo en polvo";—;"arroz; maíz; trigo y/o subproductos; pulpa de remolacha";"núcleo nutra pro adultos; levadura de cerveza"
14;NutaPro;Agripac ;Canino;Cachorros razas medianas y grandes;27,00;8,00;8,00;12,00;3,50;41,50;3,98;413,60;353,68;325,60;3,50;Harina de pollo, arroz, maíz, núcleo nutra pro cachorros (pulpa de remolacha), levadura de cerveza;Harina de pollo;—;"arroz; maíz; pulpa de remolacha";"núcleo nutra pro cachorros; levadura de cerveza"
15;NutraPro;Agripac ;Canino;Cachorros razas pequeńas y miniaturas;29,00;13,00;8,50;12,00;3,00;34,50;3,41;441,25;380,91;350,75;4,93;Harina de pollo, maíz, arroz, gluten de maíz, núcleo nutra pro cachorros (pulpa de remolacha, levadura de cerveza, huevo en polvo);"Harina de pollo; gluten de maíz; huevo en polvo";—;"maíz; arroz; pulpa de remolacha";"núcleo nutra pro cachorros; levadura de cerveza"
16;Buen Can sabor a pollo y yogurt;Agripac ;Canino ;Cachorros ;25,00;7,00;10,00;10,00;5,00;43,00;5,56;405,10;337,27;311,27;2,58;Maíz, pasta de soya, trigo, harina de pollo, afrechillo de trigo;"pasta de soya; harina de pollo";—;"maíz; trigo; afrechillo de trigo";—
17;MV Sensibilidad;AGROINDISTRIAS BAIRES;Canino ;Adultos;23,00;12,00;8,00;10,00;4,00;43,00;4,44;436,60;370,43;346,51;12,00;Arroz, almidón de maíz y mandioca, harina de pescado, hidrolizado proteico de pollo, aceite de pollo,;"harina de pescado; hidrolizado proteico de pollo";aceite de pollo;"arroz; almidón de maíz y mandioca";—
18;Promix ;albex;Canino ;Adulto ;23,00;15,00;10,00;12,00;5,00;35,00;5,68;436,10;362,29;338,37;1,23;Harina de carne y/o aves, maiz, arroz, trigo, panela;Harina de carne y/o aves;—;"maiz; arroz; trigo; panela";—
19;Promix ;albex;Canino ;Cachorro;28,00;15,00;10,00;12,00;5,00;30,00;5,68;444,10;368,94;339,82;1,53;Harina de carne y/o aves, maíz, arroz, trigo, subproducto de trigo;Harina de carne y/o aves;—;"maíz; arroz; trigo; subproducto de trigo";—
20;Dogourmet;Alimentos Polar;Canino ;Adultos;21,00;6,00;10,00;12,00;4,00;47,00;4,55;385,20;326,26;304,42;2,68;Cereales y subproductos de cerales (maíz, arroz y/o trigo), harinas de carne y/o pescado, harina de soya, concetrados proteicos de origen vegetal / proteína animal hidrolizada, levadura de cerveza;"harinas de carne y/o pescado; harina de soya; proteína animal hidrolizada; concetrados proteicos de origen vegetal";—;cereales y subproductos de cerales (maíz, arroz y/o trigo);levadura de cerveza
21;Animacs Premium;Animacs;Canino ;Adulto;19,00;7,00;7,00;10,00;5,00;52,00;5,56;407,80;339,52;319,76;1,60;Maíz, harina de carne bovina, trigo, pasta de soya, arroz ,sebo de res;"harina de carne bovina; pasta de soya";—;"maíz; trigo; arroz";—
22;Animal planet nutribal;Animal planet nutribalance;Canino ;Adultos Razas medianas y grandes;20,00;12,00;4,00;12,00;4,00;48,00;4,55;440,00;372,68;351,88;9,00;Maiz, harina de carne, harina de pollo, Arroz, Soja ;"harina de carne; harina de pollo; soya";—;"maíz; arroz";—
23;ARION TITANIUM SENSICARE;Arion;Canino;Adulto;26,00;15,00;3,90;9,00;3,00;43,10;3,30;478,21;413,58;386,54;9,20;Arroz, pluma hidrolizada de bajo peso molecular, krill, pata, aceite de salmón;"pluma hidrolizada; krill";aceite de salmón;"arroz; papa";—
24;ARION TITANIUM COAT;Arion;Canino;Adulto;27,00;18,00;6,00;9,00;2,00;38,00;2,20;487,10;428,93;400,85;5,63;Carne de pavo deshidratada, arroz, trigo integral, aceite de salmón, krill;"carne de pavo deshidratada; krill";aceite de salmón;"arroz; trigo integral";—
25;Arion Titanium Growth;Arion;Canino;cachorro ;32,00;20,00;6,50;9,00;2,00;30,50;2,20;503,65;443,50;410,22;4,61;Carne de pollo deshidratada, arroz,trigo,grasa de ave, proteina de maíz ;"carne de pollo deshidratada; proteína de maíz";grasa de ave;"arroz; trigo";—
26;Arion Friends Petit;Arion;Canino;Adulto (razas pequeńas y miniatura);26,00;15,00;8,00;12,00;3,00;36,00;3,41;449,10;387,69;360,65;5,00;carne,cebada,trigo,salmon,arroz;"carne; salmón";—;"cebada; trigo; arroz";—
27;Arion Friends Senior;Arion;Canino;Adulto mayor (?7 ańos razas grandes / ?9 ańos razas pequeńas);22,00;11,00;4,00;12,00;5,00;46,00;5,68;437,90;363,79;340,91;4,00;arroz,cebada,trigo,proteina de ave , carne de res;"proteína de ave; carne de res";—;"arroz; cebada; trigo";—
28;Arion Friends Junior;Arion Friends Junior;Canino ;Cachorro / Junior;28,00;14,00;8,00;10,00;3,00;37,00;3,33;455,20;393,44;364,32;1,86;Pollo, arroz, maíz, grasa animal, pulpa de remolacha;pollo;grasa animal;"arroz; maíz; pulpa de remolacha";—
29;Arthur;Arthur;Canino ;Adulto;21,00;8,00;8,00;12,00;4,00;47,00;4,55;404,00;342,19;320,35;1,00;Maíz, harina de carne, trigo, pasta de soya, grasa animal;"harina de carne; pasta de soya";grasa animal;"maíz; trigo";—
30;AVANT PERROS SENIOR;Avant ;Canino ;Adultos;27,00;12,00;8,00;12,00;3,50;37,50;3,98;434,80;371,81;343,73;5,31;Carne de pollo y/o cerdo, harina de pollo, arroz, maíz y grasa animal y/o vegetal ;"carne de pollo; harina de pollo; soya";grasa animal y/o vegetal ;"maíz; arroz";—
31;AVANT PERROS CONTROL DE PESO ;Avant ;Canino ;Adultos;28,00;8,50;8,00;12,00;7,00;36,50;7,95;417,85;333,55;304,43;4,90;Carne de pollo y/o cerdo, harina de pollo, maíz, arroz y harina de pato ;"Carne de pollo y/o cerdo; harina de pollo; harina de pato";—;"maíz; arroz";—
32;Pepas Dog;Avipaz;Canino;Adulto;21,00;8,00;10,00;12,00;4,00;45,00;4,55;395,80;335,24;313,40;1,60;maiz amarillo,arroz,harina de carne y hueso,torta de soya,salvado de trigo;"harina de carne y hueso; torta de soya";—;"maiz amarillo; arroz; salvado de trigo";—
33; Max Vita;BALNOVA;Canino ;Adulto Razas pequenas;30,00;10,00;10,00;12,00;4,00;34,00;4,55;420,80;356,42;325,22;18,43;Harina de subproductos de pollo, Maiz, Harina de carne y hueso, trigo, grasa animal;"Harina de subproductos de pollo; Harina de carne y hueso";grasa animal;"Maiz; trigo";—
34; Max Vita;BALNOVA;Canino ;Adulto;26,00;10,00;10,00;12,00;5,00;37,00;5,68;414,40;344,26;317,22;4,00;Harina de subproductos de pollo, Maiz, Harina de carne y hueso, trigo, grasa animal;"Harina de subproductos de pollo; Harina de carne y hueso";grasa animal;"Maiz; trigo";—
35;Max Vita;BALNOVA;Canino ;Cachorro ;26,00;8,00;10,00;12,00;5,00;39,00;5,68;403,80;335,46;308,42;4,33;Harina de visceras de ave, harina de carne y hueso, maiz integral molido, germen de maiz desgrasado, salvado de gluten de maiz;"Harina de visceras de ave; harina de carne y hueso; salvado de gluten de maiz";—;"maiz integral molido; germen de maiz desgrasado";—
36;Cani super premium ;BioAlimentar;Canino ;Adultos razas pequeńas ;27,00;15,00;9,00;10,00;6,00;33,00;6,67;454,80;371,42;343,34;12,50;Carne de pato, carne de cordero, maíz, trigo, guisantes;"Carne de pato; carne de cordero; guisantes";—;"maíz; trigo";—
37;Mambo;BioAlimentar;Canino;Cachorro ;25,00;9,00;9,00;12,00;3,00;42,00;3,41;411,60;355,31;329,31;1,72;Maíz, harina de pollo, trigo, pasta de soya, DDGS;"harina de pollo; pasta de soya";—;"Maíz; trigo; DDGS";—
38;Cani;Bioalimentar;Canino ;Senior;22,00;6,00;8,00;12,00;4,00;48,00;4,55;395,00;334,57;311,69;2,93;Harinas proteicas de origen animal (carne de pollo y/o res y/o cerdo), cereales (arroz y/o trigo y/o maíz), proteina de origen vegetal (harina de soya y/o gluten de maíz), sub productos de cereales (arroz y/o maíz y/o trigo), grasas de origen animal (pollo y/o rez y/o cerdo);"Harinas proteicas de origen animal (carne de pollo y/o res y/o cerdo); proteina de origen vegetal (harina de soya y/o gluten de maíz)";grasas de origen animal (pollo y/o rez y/o cerdo);"cereales (arroz y/o trigo y/o maíz); sub productos de cereales (arroz y/o maíz y/o trigo)";—
39;Pal Perro;Bioalimentar;Canino ;Adulto;18,00;7,00;7,00;10,00;5,00;53,00;5,56;406,20;338,18;319,46;1,06;Trigo, harina de pollo, harina de pollo y/o cerdo, maíz, arroz;"harina de pollo; harina de pollo y/o cerdo";—;"Trigo; maíz; arroz";—
40;Granplus;BIOETIS;Canino ;Cachorro ;27,00;12,00;8,00;10,00;3,00;40,00;3,33;443,00;382,90;354,82;6,29;Harina de carne y hueso, harina visceras de ave, maiz, arroz quebrado, salvado de trigo;"Harina de carne y hueso; harina visceras de ave";—;"maiz; arroz quebrado; salvado de trigo";—
41;Adult Lamm & Reis;Bosch;Canino;Adulto;23,00;13,00;7,00;10,00;3,00;44,00;3,33;446,00;385,49;361,57;13,30;Harina de cordero, arroz, cebada, grasa animal, pulpa de remolacha, proteína vegetal, minerales, vitaminas, levadura;"Harina de cordero; proteína vegetal";grasa animal;"arroz; cebada; pulpa de remolacha";"minerales; vitaminas; levadura"
42;Mini Adult Lamm & Reis;Bosch;Canino;Adulto ;25,00;14,00;7,00;10,00;3,00;41,00;3,33;454,50;392,84;366,84;16,00;Harina de cordero, arroz, cebada, gra;Harina de cordero;—;"arroz; cebada";—
43;Bosch Maxi Junior;Bosch;Canino;Cachorro;26,00;12,00;7,00;12,00;3,00;40,00;3,41;437,30;377,50;350,46;34,90;Harina de pollo, arroz, cebada, maíz, grasa animal, pulpa de remolacha, proteína vegetal, minerales, vitaminas;"Harina de pollo; proteína vegetal";grasa animal;"arroz; cebada; maíz; pulpa de remolacha";"minerales; vitaminas"
44;Junior Lamm & Reis;Bosch;Canino;Cachorro ;25,00;13,00;7,00;10,00;3,00;42,00;3,33;449,20;388,26;362,26;15,90;Harina de cordero, arroz, cebada, grasa animal, proteína vegetal, pulpa de remolacha, minerales, vitaminas, levadura;"Harina de cordero; proteína vegetal";grasa animal;"arroz; cebada; pulpa de remolacha";"minerales; vitaminas; levadura"
45;Bravery iberian pork adult large medium breeds;Bravery ;canino;Adulto;26,00;15,00;7,90;9,00;2,50;39,60;2,75;461,81;403,03;375,99;7,49;carne de cerdo ibérico deshidratada/tapioca/grasa de ave/guisantes/levadura y extracto de levadura ;"carne de cerdo ibérico deshidratada; guisantes";grasa de ave;tapioca;"levadura; extracto de levadura"
46;Bravery chicken puppy large medium breeds;Bravery ;canino;cachorro;30,00;18,00;7,80;9,00;2,50;32,70;2,75;484,52;422,85;391,65;7,54;Carne de pollo deshidratada, tapioca, grasa de aveos , proteína de pollo hidrolizada, guisantes;"Carne de pollo deshidratada; proteína de pollo hidrolizada; guisantes";grasa de aveos;tapioca;—
47;Bravery dog chicken mini puppy small breeds;Bravery ;canino;cachorro ;31,00;22,00;7,80;9,00;2,50;27,70;2,75;507,32;442,75;410,51;4,98;Carne de pollo deshidratada, tapioca, grasa de aveos , proteína de pollo hidrolizada, guisantes;"Carne de pollo deshidratada; proteína de pollo hidrolizada; guisantes";grasa de aveos;tapioca;—
48;Bravery dog chicken adult large medium breeds;Bravery ;canino;Adulto;26,00;15,00;7,90;9,00;2,50;39,60;2,75;461,81;403,03;375,99;3,99;Carne de pollo deshidratada, tapioca, grasa de ave , guisantes, levadura y extracto de levadura-Saccharomyces cerevisiae;"Carne de pollo deshidratada; guisantes";grasa de ave;tapioca;"levadura; extracto de levadura-Saccharomyces cerevisiae"
49;Breeder Line Mini Lamb & Rice;Breeder Line;Canino;Adulto;24,00;14,00;7,00;10,00;3,00;42,00;3,33;452,90;391,46;366,50;16,60;Harina de cordero, arroz, maíz, grasa;Harina de cordero;—;"arroz; maíz";grasa
50;Breeder Line Sport;Breeder Line;Canino;Adulto;28,00;18,00;7,50;10,00;3,00;33,50;3,33;478,45;413,54;384,42;0,80;Harina de pollo, maíz, arroz, grasa animal, proteína vegetal, pulpa de remolacha, minerales, vitaminas, aceite vegetal, levadura;"Harina de pollo; proteína vegetal";"grasa animal; aceite vegetal";"maíz; arroz; pulpa de remolacha";"minerales; vitaminas; levadura"
51;CASTA DOG CACHORROS RAZAS PEQUEŃAS;Casta Dog;Canino;cachorro ;27,00;11,00;9,00;12,00;3,00;38,00;3,41;425,40;367,23;339,15;1,53;Maiz amarillo,harina de pollo,arroz,grasa de pollo,harina de pescado;"harina de pollo; harina de pescado";grasa de pollo;"Maiz amarillo; arroz";—
52;CASTA DOG ADULTOS RAZAS PEQUEŃAS;Casta Dog;Canino;Adulto ;22,00;10,00;8,00;10,00;4,00;46,00;4,44;424,40;360,08;337,20;4,30;Maíz, Harina carne, Soya, Trigo, Arroz;"Harina carne; Soya";—;"Maíz; Trigo; Arroz";—
53;Casta Dog Senior;Casta Dog;Canino ;Adultos todas las razas;30,00;10,00;8,00;12,00;4,00;36,00;4,55;429,00;363,36;332,16;2,20;Mix de carnes deshidratadas, arroz integral, maiz, avena y aceite de ave;Mix de carnes deshidratadas;aceite de ave;"arroz integral; maiz; avena";—
54;Casta Dog;Casta premiun plus;Canino ;Adultos;26,00;11,00;8,00;12,00;4,00;39,00;4,55;427,90;362,43;335,39;2,80;Maiz, harina de carne, arroz, trigo, harina de pollo;"harina de carne; harina de pollo";—;"Maiz; arroz; trigo";—
55;Orijen;Champion Petfoods;Canino;Adulto ;38,00;18,00;8,00;12,00;5,00;19,00;5,68;484,20;402,25;362,73;13,00;Pollo fresco, pavo fresco, huevos, hígado, pescado;"Pollo fresco; pavo fresco; huevos; hígado; pescado";—;—;—
56;Acana;Champion Petfoods;Canino;Adulto ;29,00;17,00;7,00;12,00;5,00;30,00;5,68;468,60;389,29;359,13;11,00;Pollo fresco, pavo fresco, huevos, hígado, pescado;"Pollo fresco; pavo fresco; huevos; hígado; pescado";—;—;—
57;Chucho Adulto Todas las Razas;Chucho;Canino ;Adulto ;20,00;6,00;8,00;12,00;5,00;49,00;5,68;391,80;325,49;304,69;1,32;Cereales, vegetales, saborizante cárnico, vitaminas, minerales ;—;—;"Cereales; vegetales";"saborizante cárnico; vitaminas; minerales"
58;Chunky Puppies;Chunky;Canino ;Cachorro;28,00;10,00;8,00;10,00;4,00;40,00;4,44;434,00;368,22;339,10;2,50;Harina de pollo, maíz, arroz, grasa animal, soya;"Harina de pollo; soya";grasa animal;"maíz; arroz";—
59;Chunky Adulto;Chunky;Canino ;Adulto;22,00;10,00;8,00;10,00;4,00;46,00;4,44;424,40;360,08;337,20;2,30;Harina de carne, maíz, trigo, grasa animal, arroz;Harina de carne;grasa animal;"maíz; trigo; arroz";—
60;Taste of the Wild;Diamond Pet Foods;Canino;Adulto ;32,00;18,00;8,80;10,00;4,00;27,20;4,44;479,52;406,85;373,57;9,00;Pato, harina de pato, harina de pollo, batata, guisantes;"Pato; harina de pato; harina de pollo; guisantes";—;batata;—
61;Dog Star Adulto Razas Pequeńas;Dog Star;Canino;Adulto;23,00;10,00;9,00;12,00;3,50;42,50;3,98;413,70;353,77;329,85;2,20;Maiz,Arroz,Harina de pollo,Harina de carne y hueso,Grasa animal preservada;"Harina de pollo; Harina de carne y hueso";Grasa animal preservada;"Maiz; Arroz";—
62;Dog Star Cachorros Razas pequeńas;Dog Star;Canino ;cachorro ;28,00;12,00;9,00;12,00;4,50;34,50;5,11;432,30;362,65;333,53;1,50;Maíz, Harina ave, Soya, Grasa animal;"Harina ave; Soya";Grasa animal;Maíz;—
63;DOGGIES;Doggies;Canino ;Adulto ;19,00;7,00;7,00;12,00;5,00;50,00;5,68;399,60;331,97;312,21;2,30;Maíz, Afrecho trigo, Harina carne, Soya;"Harina carne; Soya";—;"Maíz; Afrecho trigo";—
64;Dogourmet cachorros sabor carne, cereales y leche deslactosada;Dogourmet;Canino ;Cachorro;24,00;12,00;11,00;12,00;3,00;38,00;3,41;417,70;360,58;335,62;6,00;Cereales y subproductos de cereales (maíz, arroz y/o trigo), Harinas de carne y/o harina de pescado, Subproductos de pollo, Grasa y/o aceites de origen animal, Concentrados proteicos de origen vegetal;"Harinas de carne y/o harina de pescado; Concentrados proteicos de origen vegetal";Grasa y/o aceites de origen animal;Cereales y subproductos de cereales (maíz, arroz y/o trigo);Subproductos de pollo
65;Dogourmet sabor carne a la parrilla con cereales y vegetales;Dogurment;Canino ;Adulto;21,00;6,00;11,00;12,00;4,00;46,00;4,55;381,10;322,79;300,95;3,50;Cereales y subproductos de cereales,harinas de carne y/o harina de pescado, harina de soya, concentrados proteicos de origen vegetal hidrolizado de proteina animal, levadura de cerveza;"harinas de carne y/o harina de pescado; harina de soya; concentrados proteicos de origen vegetal hidrolizado de proteina animal";—;Cereales y subproductos de cereales;levadura de cerveza
66;Earthborn Holistic Weight Control;Earthborn ;Canino;Adulto;25,00;9,00;7,00;10,00;7,00;42,00;7,78;428,00;342,73;316,73;18,00;Harina de pollo, arroz integral, cebada, avena, grasa de pollo;Harina de pollo;grasa de pollo;"arroz integral; cebada; avena";—
67;Sabueso;EMPLETEX;Canino ;Cachorro ;28,00;9,00;8,00;12,00;4,00;39,00;4,55;420,50;356,16;327,04;0,40;Maiz,soya, harina de carne, salvado de trigo, grasa animal;"soya; harina de carne";grasa animal;"Maiz; salvado de trigo";—
68;Eukanuba Puppy Medium;Eukanuba;Canino ;Cachorro ;30,00;16,00;8,00;10,00;3,00;33,00;3,33;469,00;405,37;374,17;7,50;Pollo, maíz, trigo, grasa de pollo, pulpa remolacha;Pollo;grasa de pollo;"maíz; trigo; pulpa remolacha";—
69;Eukanuba Small Breed;Eukanuba;Canino ;Adulto ;28,00;17,00;8,00;10,00;3,00;34,00;3,33;471,10;407,19;378,07;8,00;Pollo, maíz, trigo, grasa, pulpa remolacha;Pollo;grasa;"maíz; trigo; pulpa remolacha";—
70;Eukanuba Senior Small;Eukanuba;Canino ;Senior;26,00;14,00;8,00;10,00;5,00;37,00;5,56;452,00;376,32;349,28;8,50;Pollo, maíz, cebada, grasa, fibra;Pollo;grasa;"maíz; cebada; fibra";—
71;EUKANUBA MEDIUM BREED;Eukanuba;Canino ;Adulto;25,00;16,00;8,00;10,00;5,00;36,00;5,56;461,00;383,81;357,81;9,00;Harina de subproductos de pollo, trigo integral molido, harina de maíz, sorgo integral molido, grasa de pollo;Harina de subproductos de pollo;grasa de pollo;"trigo integral molido; harina de maíz; sorgo integral molido";—
72;ADULT LARGE BREED;Eukanuba;Canino ;Adulto (razas grandes);23,00;13,00;7,50;10,00;3,90;42,60;4,33;443,95;377,37;353,45;9,00;Pollo, maíz, harina de subproductos de pollo, trigo, sorgo integral molido;"Pollo; harina de subproductos de pollo";—;"maíz; trigo; sorgo integral molido";—
73;Puppy Medium Breed;Eukanuba;Canino ;Cachorros;28,00;17,00;8,30;10,00;4,00;32,70;4,44;469,87;398,66;369,54;5,20;Harina de subproductos de pollo, harina de maíz, grasa de pollo, trigo integral molido, pulpa de remolacha seca;Harina de subproductos de pollo;grasa de pollo;"harina de maíz; trigo integral molido; pulpa de remolacha seca";—
74;Adult Small Breed;Eukanuba;Canino ;Adultos raza pequeńa;27,00;17,00;8,00;10,00;4,00;34,00;4,44;469,50;398,34;370,26;8,33;Harina de subproductos de pollo, trigo integral molido, grasa de pollo, harina de maíz, sorgo integral molido;Harina de subproductos de pollo;grasa de pollo;"trigo integral molido; harina de maíz; sorgo integral molido";—
75;Senior Small Breed;Eukanuba;Canino ;Perros adultos mayores (senior);29,00;17,00;6,70;10,00;3,70;33,60;4,11;478,03;407,86;377,70;12,50;Pollo, harina de subproductos de pollo, trigo, grasa de pollo, maíz;"Pollo; harina de subproductos de pollo";grasa de pollo;"trigo; maíz";—
76;Puppy Large Breed;Eukanuba;Canino ;Adultos Razas grandes ;25,00;13,00;7,00;10,00;5,00;40,00;5,56;449,20;373,98;347,98;6,40;Harina de subproductos de pollo, harina de maíz, trigo integral molido, sorgo integral molido, grasa de pollo;Harina de subproductos de pollo;grasa de pollo;"harina de maíz; trigo integral molido; sorgo integral molido";—
77;Chucho Adultos;EXIBAL;Canino;Adultos;20,00;6,00;8,00;12,00;5,00;49,00;5,68;391,80;325,49;304,69;1,31;Maíz,harina de pollo, coproductos de trigo, trigo, pasta de soya;"harina de pollo; pasta de soya";—;"Maíz; coproductos de trigo; trigo";—
78;Taste of the Wild Wetlands Canine Recipe Con Pato Asado Adulto Razas Medianas y Grandes;Family owned brand;Canino ;Adulto;32,00;18,00;8,00;10,00;4,00;28,00;4,44;482,80;409,63;376,35;11,66;Pato, Harina de pato, Harina de pollo, Camote, Chicharro;"Pato; Harina de pato; Harina de pollo; Chicharro";—;Camote;—
79;Salmón y arroz para perros de Farm Nature;Farm Nature Cats & Dogs;Canino;Adulto;25,00;13,00;8,40;9,00;3,00;41,60;3,30;447,56;387,08;361,08;9,60;Carne y pescado ,maíz, trigo, aceite de abadejo, pulpa tostada;Carne y pescado;aceite de abadejo;"maíz; trigo; pulpa tostada";—
80;Farm Nature BUEY Y VERDURAS;Farm Nature Cats & Dogs;Canino;Adulto;24,00;12,00;9,00;9,00;3,80;42,20;4,18;438,20;373,47;348,51;8,80;Carnes , Maíz, Trigo, Arroz, Cebada;Carnes;—;"Maíz; Trigo; Arroz; Cebada";—
81;Premium Perros Adultos;Generico;Canino ;Adulto;22,00;10,00;9,00;10,00;6,00;43,00;6,67;420,30;343,25;320,37;2,50;Maíz, harina de carne, arroz, grasa animal, subproductos;harina de carne;grasa animal;"Maíz; arroz";subproductos
82;Premium Adultos Razas Pequeńas;Generico;Canino ;Adulto;24,00;12,00;9,00;10,00;5,00;40,00;5,56;434,10;361,41;336,45;3,00;Maíz, harina de pollo, arroz, grasa, minerales;harina de pollo;grasa;"Maíz; arroz";minerales
83;Don Dog;Genetsa Industria Alimentaria ;Canino;Adulto R,M,G;21,91;10,00;5,45;13,00;5,00;44,64;5,75;422,41;350,52;327,74;1,76;Maíz, harina aviar, arrocillo, harina de soya, grasa de origen animal ;"harina aviar; harina de soya";grasa de origen animal;"Maíz; arrocillo";—
84;Don Dog;Genetsa Industria Alimentaria ;Canino ;Cachorro R,P,;31,20;11,80;8,00;13,00;2,45;33,55;2,82;436,36;380,39;347,94;3,75;Maíz, harina aviar o sub productos de aves, arrocillo o sub productos de arroz, harina de soya, grasa de origen animal;"harina aviar o sub productos de aves; harina de soya";grasa de origen animal;"Maíz; arrocillo o sub productos de arroz";—
85;Glotón Adultos;Glotón;Canino ;Adulto ;21,00;8,00;9,00;10,00;4,00;48,00;4,44;408,10;346,25;324,41;3,00;Cereales, Harina carne, Subp, vegetales;Harina carne;—;Cereales;Subp, vegetales
86;PUPPY MINI;Gosbi;Canino ;Puppy mini;32,00;18,00;7,50;8,50;2,50;31,50;2,73;491,00;428,61;395,33;13,00;Pollo deshidratado (28%), arroz (16%), pescado deshidratado (10%), cordero deshidratado (8%) y grasa de pollo ;"Pollo deshidratado; pescado deshidratado; cordero deshidratado";grasa de pollo;arroz;—
87;GOSBI Life Croc with Lamb;Gosbi;Canino ;Adulto ;26,00;14,00;7,00;10,00;4,00;39,00;4,44;456,10;386,98;359,94;7,00;Cordero, arroz, cebada, grasa, pulpa remolacha;Cordero;grasa;"arroz; cebada; pulpa remolacha";—
88;GRANPLUS MENU CĂO FILHOTE SABOR CARNE & ARROZ;GranPlus;Canino ;Cachorro;27,00;12,00;8,00;10,00;3,00;40,00;3,33;443,00;382,90;354,82;3,80;Harina de carne y huesos, harina de vísceras de pollo, arroz quebrado, maíz, harina de proteína de cerdo;"Harina de carne y huesos; harina de vísceras de pollo; harina de proteína de cerdo";—;"arroz quebrado; maíz";—
89;Ringo Croquetas;Grupo Bios;Canino ;Adultos razas medianas y grandes;24,00;7,00;10,00;12,00;5,00;42,00;5,68;395,30;328,40;303,44;1,90;Harina de pollo y/o harina de carne y/o harina de sangre, levadura, gluten de maíz, harina de trigo y/o harina de arroz y/o harina de maíz precocido, melaza y/o azúcar;"Harina de pollo y/o harina de carne y/o harina de sangre; gluten de maíz";—;harina de trigo y/o harina de arroz y/o harina de maíz precocido;"levadura; melaza y/o azúcar"
90;Güerpo alimento premium para perros;Güerpo;Canino ;Adulto;25,00;15,00;10,00;12,00;5,00;33,00;5,68;439,30;364,95;338,95;2,76;Harina de aves, maíz, arroz, pasta de soya, pulpa de remolacha;"Harina de aves; pasta de soya";—;"maíz; arroz; pulpa de remolacha";—
91;Happy Dog Sensible Salmon Ireland;Happy Dog Ireland ;Canino ;Adulto;21,00;10,00;7,00;10,00;3,00;49,00;3,33;426,90;368,98;347,14;10,40;Harina integral de avena, Harina de salmon, Cebada, Harina de maiz, Proteina de conejo;"Harina de salmon; Proteina de conejo";—;"Harina integral de avena; Cebada; Harina de maiz";—
92;Hill’s Science Diet;Hill’s Pet Nutrition;Canino;Adulto ;21,00;14,00;5,50;10,00;3,50;46,00;3,89;454,25;389,01;367,17;10,00;Pollo, harina de pollo, trigo integral, maíz, cebada;"Pollo; harina de pollo";—;"trigo integral; maíz; cebada";—
93;Mv Articular;Holliday ;Canino;Cachorros, adultos y gerontes para colaborar con la prevención y tratamiento de problemas osteoarticulares;25,00;12,00;8,00;10,00;4,00;41,00;4,44;439,80;373,15;347,15;10,50;Harina de subproductos de pollo, arroz, aceite de pollo, gluten de maíz, aceite de pescado;"Harina de subproductos de pollo; gluten de maíz";"aceite de pollo; aceite de pescado";arroz;—
94;Mv Cardio;Holliday ;Canino;Cachorros, adultos y gerontes que padecen hipertensión arterial o algun tipo de enfermedad cardíaca ;24,00;12,00;8,00;10,00;5,00;41,00;5,56;438,20;364,83;339,87;9,50;Harina de subproductos de pollo, arroz, gluten de maíz, aceite de pollo, pulpa de remolacha ;"Harina de subproductos de pollo; gluten de maíz";aceite de pollo;"arroz; pulpa de remolacha";—
95;MvGastrointestinal ;Holliday ;Canino;Cachorros y adultos como tratamiento a enfermedades gastrointestinales;28,00;13,00;8,00;10,00;3,00;38,00;3,33;449,90;388,86;359,74;13,38;Harina de subproductos de pollo, arroz, tapioca, aceite de pescado (fuente de omega 3), pulpa de remolacha ;Harina de subproductos de pollo;aceite de pescado (fuente de omega 3);"arroz; tapioca; pulpa de remolacha";—
96;MV Renal;Holliday ;Canino;Adulto y gerontes que padecen enfermedad renal;16,00;14,00;7,00;10,00;3,00;50,00;3,33;440,10;380,39;363,75;17,25;Arroz, harina de subproductos de pollo, aceite de pollo, gluten de maiz, aciete de pescado (fuente de Omega 3);"harina de subproductos de pollo; gluten de maiz";"aceite de pollo; aciete de pescado (fuente de Omega 3)";Arroz;—
97;HOP! PERROS ADULTOS RAZAS PEQUEŃAS;HOP! (Vitalcan);Canino ;Adulto (razas pequeńas);24,00;11,00;9,00;10,00;4,00;42,00;4,44;428,80;363,81;338,85;5,00;Maíz, harina de carne, arvejas, harina de germen de maíz, harina de soja micronizada;"harina de carne; arvejas; harina de soja micronizada";—;"Maíz; harina de germen de maíz";—
98;HOP! PERROS CACHORROS RAZAS PEQUEŃAS;HOP! (Vitalcan);Canino ;Cachorro (razas pequeńas);26,00;12,00;9,00;10,00;4,00;39,00;4,44;437,30;371,02;343,98;5,00;Maíz, harina de carne, arvejas, harina de soja micronizada, harina de pollo;"harina de carne; arvejas; harina de soja micronizada; harina de pollo";—;Maíz;—
99;HOP! PERROS CACHORROS RAZAS MEDIANAS Y GRANDES;HOP! (Vitalcan);Canino ;Cachorro (razas medianas y grandes);26,00;12,00;9,00;10,00;4,00;39,00;4,44;437,30;371,02;343,98;5,00;Maíz, harina de carne, arvejas, harina de soja micronizada, harina de pollo;"harina de carne; arvejas; harina de soja micronizada; harina de pollo";—;Maíz;—
100;INNE Croissance ;INNE Nutrition/ Nutrivet;Canino ;Cachorro ;45,00;16,00;7,50;10,00;2,00;19,50;2,22;495,05;435,75;388,95;7,71;Pollo, cordero, pavo, patata, guisantes;"Pollo; cordero; pavo; guisantes";—;patata;—
101;INNE Energetique ;INNE Nutrition/ Nutrivet;Canino;Adulto activo ;50,00;20,00;8,00;10,00;2,00;10,00;2,22;522,20;459,65;407,65;50,00;Pollo, cordero, pavo, patata, guisantes;"Pollo; cordero; pavo; guisantes";—;patata;—
102;INNE Nutrition ;INNE Pet Food ;Canino;Adulto;42,00;16,00;7,50;10,00;2,00;22,50;2,22;490,25;431,53;387,85;6,72;Pollo, cordero, pavo, patata, guisantes;"Pollo; cordero; pavo; guisantes";—;patata;—
103;Italcan Plus Pollo y  Arroz;Italcol;Canino;Adulto;18,00;6,00;8,00;11,00;5,00;52,00;5,62;392,70;326,59;307,87;1,92;Arroz, harina de pollo, maíz, torta de soya, subproductos de galletería;"harina de pollo; torta de soya";—;"Arroz; maíz";subproductos de galletería
104;JosiDog Regular;Josera;Canino ;Adulto ;22,00;10,00;8,00;10,00;5,00;45,00;5,56;424,40;353,34;330,46;4,80;Cereales, proteína animal, grasa, pulpa remolacha, minerales;proteína animal;grasa;"Cereales; pulpa remolacha";minerales
105;JosiDog Junior;Josera;Canino ;cachorro ;27,00;14,00;8,00;10,00;4,00;37,00;4,44;453,60;384,85;356,77;5,20;Proteína animal, cereales, grasa, vitaminas, minerales;Proteína animal;grasa;cereales;"vitaminas; minerales"
106;JosiDog Active;Josera;Canino ;Adulto activo;27,00;16,00;8,00;10,00;4,00;35,00;4,44;464,20;393,85;365,77;5,50;Cereales, proteína animal, grasa, pulpa remolacha, minerales;proteína animal;grasa;"Cereales; pulpa remolacha";minerales
107;K9 Pro;K9 Pro;Canino ;Adulto;24,00;10,00;8,00;10,00;4,00;44,00;4,44;427,60;362,79;337,83;1,10;Harina de pollo, maíz, arroz, grasa animal, trigo;Harina de pollo;grasa animal;"maíz; arroz; trigo";—
108;Eukanuba;Mars Incorporated;Canino;Adulto ;26,00;16,00;6,50;10,00;3,00;38,50;3,33;468,75;405,16;378,12;8,00;Pollo, harina de pollo, maíz, trigo, grasa animal;"Pollo; harina de pollo";grasa animal;"maíz; trigo";—
109;Mas Ahorro ;Mas Ahorro ;Canino ;Adulto;19,00;7,00;7,00;12,00;5,00;50,00;5,68;399,60;331,97;312,21;1,24;Maíz, afrecho de trigo, harina de carne, pasta de soya, trigo;"harina de carne; pasta de soya";—;"Maíz; afrecho de trigo; trigo";—
110;Max Vita Adulto Strogonoff Carne ao Molho;Max Vita;Canino ;Adulto;21,00;10,00;11,00;12,00;4,00;42,00;4,55;402,30;340,75;318,91;3,50;Harina de vísceras de aves, harina de carne y huesos, maíz integral molido, germen de maíz desengrasado, afrecho de gluten de maíz;"Harina de vísceras de aves; harina de carne y huesos; afrecho de gluten de maíz";—;"maíz integral molido; germen de maíz desengrasado";—
111;Max Vita Adulto Raças Pequenas Buffet Frango & Vegetais;Max Vita;Canino ;Adulto (razas pequeńas);30,00;10,00;10,00;12,00;4,00;34,00;4,55;420,80;356,42;325,22;4,00;Harina de vísceras de aves, maíz integral molido, germen de maíz desengrasado, afrecho de gluten de maíz, arroz quebrado;"Harina de vísceras de aves; afrecho de gluten de maíz";—;"maíz integral molido; germen de maíz desengrasado; arroz quebrado";—
112;Max Vita Adulto Selection Carne & Frango;Max Vita;Canino ;Adulto;21,00;8,00;10,00;12,00;5,00;44,00;5,68;395,80;328,81;306,97;3,50;Harina de vísceras de aves, harina de carne y huesos, grasa de pollo, maíz integral molido, germen de maíz desgrasado;"Harina de vísceras de aves; harina de carne y huesos";grasa de pollo;"maíz integral molido; germen de maíz desgrasado";—
113;Earthborn Holistic;Midwestern Pet Foods;Canino;Adultos ;25,00;9,00;8,00;10,00;7,50;40,50;8,33;423,90;336,08;310,08;7,91;Harina de pollo, guisantes, camote, tapioca, boniato;"Harina de pollo; guisantes";—;"camote; tapioca; boniato";—
114;RIngo Original;Mizooco;Canino ;Adultos;24,00;8,00;9,00;10,00;5,00;44,00;5,56;412,90;343,76;318,80;1,80;Maíz, harina de carne de res y cerdo, torta de soya, arroz, harina de trigo;"harina de carne de res y cerdo; torta de soya";—;"Maíz; arroz; harina de trigo";—
115;RIngo Original;Mizooco;Canino ;Cachorro;28,00;12,00;9,00;10,00;4,00;37,00;4,44;440,50;373,74;344,62;1,75;Maíz, harina de pollo, torta de soya, arroz, harina de trigo;"harina de pollo; torta de soya";—;"Maíz; arroz; harina de trigo";—
116;RINGO + PRO ADULTOS;Mizooco;Canino ;Adultos;24,00;10,00;9,00;10,00;4,00;43,00;4,44;423,50;359,32;334,36;1,50;Harina de carne y/o harina de pollo, levadura, gluten de maíz, harina de trigo y/o arroz molido y/o trigo molido, torta de soya;"Harina de carne y/o harina de pollo; gluten de maíz; torta de soya";—;harina de trigo y/o arroz molido y/o trigo molido;levadura
117;Special dog excellence mini adult salmon ;Monge;Canino ;Mini Adulto;23,00;11,00;7,50;10,00;2,00;46,50;2,22;433,35;381,44;357,52;6,50;Arroz, salmón deshidratado, atún deshidratado, levadura de cerveza, aceite vegetal;"salmón deshidratado; atún deshidratado";aceite vegetal;Arroz;levadura de cerveza
118;Special dog excellence all breeds monoprotein salmon ;Monge;Canino ;Adulto;25,00;13,50;7,50;10,00;3,00;41,00;3,33;449,80;388,78;362,78;5,00;Salmón deshidratado, arroz, maíz, aceite de salmón, trigo;Salmón deshidratado;aceite de salmón;"arroz; maíz; trigo";—
119;SPECIAL DOG EXCELLENCE ALL BREEDS MONOPROTEIN BEEF;MONGE;Canino ;Adultos ;25,00;12,00;8,00;10,00;3,00;42,00;3,33;439,80;380,13;354,13;11,50;Carne de res deshidratada (24%), maíz, arroz, grasa animal, trigo ;Carne de res deshidratada (24%);grasa animal;"maíz; arroz; trigo";—
120;SPECIAL DOG EXCELLENCE MEDIUM ADULT CHIKEN;MONGE;Canino ;Adultos medianos ;28,00;18,00;7,00;10,00;1,70;35,30;1,89;480,50;425,24;396,12;10,16;Pollo (28%), arroz (18%), maíz, trigo y proteínas animales hidrolizadas;"Pollo; proteínas animales hidrolizadas";—;"arroz; maíz; trigo";—
121;Monge super premium;Monge;Canino ;Adultos ;26,00;14,00;7,00;10,00;2,50;40,50;2,78;456,10;397,85;370,81;7,75;Cordero deshidratado, arroz, aceite de pollo purificado, pulpa de remolacah deshidratada;Cordero deshidratado;aceite de pollo purificado;"arroz; pulpa de remolacah deshidratada";—
122;Dog Star;MOR Petfood;Canino ;Adultos;21,00;8,00;10,00;12,00;6,00;43,00;6,82;395,80;322,38;300,54;1,33;Maíz y/o trigo, harina aviar y/o carne, suproductos de arroz (arroz quebrado y/o polvillo de arroz), harina de soya, grasa de pollo y/o cebo de res;"harina aviar y/o carne; harina de soya";grasa de pollo y/o cebo de res;"Maíz y/o trigo; suproductos de arroz (arroz quebrado y/o polvillo de arroz)";—
123;Natural Greatness Receta Salvaje;Natural Greatness;Canino ;Adulto;32,00;18,00;8,00;10,00;3,00;29,00;3,33;482,80;417,30;384,02;9,50;Carne deshidratada, papa, guisantes, grasa, frutas;"Carne deshidratada; guisantes";grasa;papa;frutas
124;Natural Greatness Salmón Sensitive M&L;Natural Greatness;Canino ;Adulto (sensible);30,00;17,00;8,00;10,00;3,00;32,00;3,33;474,30;409,95;378,75;30,00;Salmón, papa, guisantes, aceite pescado, fibra;"Salmón; guisantes";aceite pescado;"papa; fibra";—
125;NATURAL VET CARE OBESIDADES CANES PORTES MEDIANOS GRANDES ;Natural Vet Care;Canino;Adultos;30,00;8,50;9,00;9,00;13,00;30,50;14,29;429,25;303,79;272,59;0,27;Carne de pollo con huesos, Carne mecanicamente separada de pollo, higado de pollo,harina de visceras de pollo, fecula de mandioca;"Carne de pollo con huesos; Carne mecanicamente separada de pollo; higado de pollo; harina de visceras de pollo";—;fecula de mandioca;—
126;FORMULA NATURAL VET CARE RENAL CANES;Natural Vet Care;Canino;Adultos ;14,00;17,00;5,50;10,00;3,00;50,50;3,33;458,95;396,69;382,13;1,40;Carne de pollo con huesos, higado de pollo, proteina de ave hidrolizada, arroz partido, harina de corteza de cerdo;"Carne de pollo con huesos; higado de pollo; proteina de ave hidrolizada";—;"arroz partido; harina de corteza de cerdo";—
127;Pro Plan ;Nestlé Purina ;Canino;Adulto razas grandes;26,00;12,00;8,50;12,00;4,00;37,50;4,55;431,15;365,18;338,14;6,33;Carne de pollo congelada, maíz, harina de subproductos de pollo, trigo, arroz;"Carne de pollo congelada; harina de subproductos de pollo";—;"maíz; trigo; arroz";—
128;Pro Plan ;Nestlé Purina ;Canino;Adulto razas pequeńas;29,00;17,00;9,00;12,00;3,00;30,00;3,41;460,40;397,44;367,28;10,67;Carne de Pollo, Arroz, Harina de Subproductos de Pollo, Maíz, Harina de Gluten de Maíz;"Carne de Pollo; Harina de Subproductos de Pollo; Harina de Gluten de Maíz";—;"Arroz; Maíz";—
129;Pro Plan Veterinary Diets;Nestlé Purina PetCare;Canino;Adulto ;23,00;10,00;6,00;10,00;2,50;48,50;2,78;434,20;378,74;354,82;12,00;Arroz, harina de maíz, grasa animal, proteína de soya, pollo;"proteína de soya; pollo";grasa animal;"Arroz; harina de maíz";—
130;NUPEC SENSITIVE;Nupec;canino ;Adultos ;20,00;18,00;7,00;10,00;5,00;40,00;5,56;467,70;389,39;368,59;0,80;Arroz cervecero, harina de pollo, grasa de pollo, concentrado de proteina vegetal,pulpa de remolacha ;"harina de pollo; concentrado de proteina vegetal";grasa de pollo;"Arroz cervecero; pulpa de remolacha";—
131;NUPEC WEIGHT CONTROL RAZAS PEQUEŃAS;Nupec;Canino ;Adultos;25,00;9,00;7,00;10,00;8,00;41,00;8,89;428,00;335,93;309,93;5,00;Harina de carne de res, Arroz, Maiz, carne de pollo, harina de pescado;"Harina de carne de res; carne de pollo; harina de pescado";—;"Arroz; Maiz";—
132;NUTRA VET CARE OSTEOAETRITE CANES;Nutra Vet Care;Canino;Adulto-Senior;25,00;11,00;6,00;9,00;4,00;45,00;4,40;446,80;379,40;353,40;0,60;Carne de pollo con huesos, Carne mecanicamente separada de pollo, higado de pollo,harina de visceras de pollo, almidon de yuca;"Carne de pollo con huesos; Carne mecanicamente separada de pollo; higado de pollo; harina de visceras de pollo";—;almidon de yuca;—
133;NUTRECAN LIGHT;Nutrecan;Canino ;Adulto ;24,00;7,00;8,00;12,00;9,00;40,00;10,23;403,50;308,98;284,02;1,25;Pollo, Arroz, Maíz, Celulosa, Fibra;Pollo;—;"Arroz; Maíz; Celulosa; Fibra";—
134;Nutrecan Adulto;Nutrecan;Canino ;Adulto;18,00;7,00;10,00;12,00;5,00;48,00;5,68;385,70;320,42;301,70;1,80;Harina de carne, maíz, subproductos, grasa animal, minerales;Harina de carne;grasa animal;maíz;"subproductos; minerales"
135;Güerpo Experience Edad Avanzada Todas Las Razas;Nutrialbex;Canino ;Adultos ;23,00;10,00;8,50;12,00;4,00;42,50;4,55;415,75;352,14;328,22;3,66;Harina de pollo, maiz amarillo, arroz partido, trigo integral, pasta de soya ;"Harina de pollo; pasta de soya";—;"maiz amarillo; arroz partido; trigo integral";—
136;Nutrion;Nutrion;Canino ;Adulto;18,00;7,00;10,00;10,00;4,10;50,90;4,56;393,90;333,58;314,86;6,95;"Harina de Carne y/o Harina de Pollo y/o Huevo Deshidratado; Gluten de Maíz; Soya Extruída";"Harina de Carne y/o Harina de Pollo y/o Huevo Deshidratado; Gluten de Maíz; Soya Extruída";—;—;—
137;Super Premium ;Nutrivet;Canino ;Adultos muy pequeńos;28,00;18,00;6,50;10,00;2,50;35,00;2,78;482,55;420,92;391,80;8,17;Pollo, arroz, aceite y grasa (100% volátil), proteína de ave deshidratada, harina de gluten de maíz;"Pollo; proteína de ave deshidratada; harina de gluten de maíz";aceite y grasa (100% volátil);arroz;—
138;Super Premium cordero y arroz;Nutrivet;Canino ;Adulto;32,00;18,00;6,50;10,00;2,50;31,00;2,78;488,95;426,50;393,22;4,67;Cordero (mín, 30%), arroz, aceite y grasa (100% volátil), proteína de ave deshidratada, gluten de maíz;"Cordero (mín, 30%); proteína de ave deshidratada; gluten de maíz";aceite y grasa (100% volátil);arroz;—
139;Old Prince Novel Cordero y Arroz Adultos Medium & Large;Old Prince;Canino;Adulto;26,00;14,00;8,00;10,00;3,00;39,00;3,33;452,00;390,68;363,64;4,67;Harina de cordero,arroz, gluten de maiz,germe de maiz,grasa de pollo;"Harina de cordero; gluten de maiz";grasa de pollo;"arroz; germe de maiz";—
140;Old Prince Novel Cordero y Arroz Cachorros;Old Prince;Canino;cachorro ;28,00;16,00;8,50;10,00;3,00;34,50;3,33;463,75;400,83;371,71;3,90;Harina de cordero,arroz, gluten de maiz,grasa de pollo,maíz ;"Harina de cordero; gluten de maiz";grasa de pollo;"arroz; maíz";—
141;Old Prince Novel Cordero Y Arroz Perros Adultos Light;Old Prince;Canino ;Adultos todas las razas;32,00;6,00;7,00;12,00;7,00;36,00;7,95;415,10;331,35;298,07;11,96;Harina de cordero, arroz integral, arveja, gluten de maíz, germen de maíz desgrasado;"Harina de cordero; arveja; gluten de maíz";—;"arroz integral; germen de maíz desgrasado";—
142;High Protein;Pedigree;Canino ;Adulto ;27,00;10,00;10,00;12,00;4,00;37,00;4,55;416,00;352,35;324,27;6,12;Maíz, Trigo, Cebada, Harina de pollo, Harina de carne y hueso de res ;"Harina de pollo; Harina de carne y hueso de res";—;"Maíz; Trigo; Cebada";—
143;Pedigree Adulto;Pedigree;Canino ;Adulto;21,00;10,00;9,00;12,00;5,00;43,00;5,68;410,50;341,02;319,18;2,20;Harina de carne, maíz, trigo, grasa animal, vitaminas;Harina de carne;grasa animal;"maíz; trigo";vitaminas
144;Poema Adulto Salmón;Poema;Canino;Adulto;30,00;15,00;7,00;9,00;3,00;36,00;3,30;471,90;408,13;376,93;14,00;Harina de salmón, arroz, maíz, grasa animal, soya;"Harina de salmón; soya";grasa animal;"arroz; maíz";—
145;Poema Cachorro Salmón;Poema;Canino;Cachorro;30,00;16,00;7,00;10,00;3,00;34,00;3,33;473,10;408,92;377,72;15,00;Harina de salmón, arroz, maíz, grasa animal, subproductos;Harina de salmón;grasa animal;"arroz; maíz";subproductos
146;Poema Cachorro Pollo;Poema;Canino;Cachorro;30,00;16,00;7,00;10,00;3,00;34,00;3,33;473,10;408,92;377,72;14,00;Harina de pollo, arroz, maíz, grasa animal, subproductos;Harina de pollo;grasa animal;"arroz; maíz";subproductos
147;Poema alimento super primium;Poema ;Canino ;Adulto Razas pequenas;30,00;17,00;8,50;9,00;3,00;32,50;3,30;476,35;411,97;380,77;9,16;Hidrolizado de pollo, arroz entero, hidrolizado de salmon, aceite estabilizado de pollo;"Hidrolizado de pollo; hidrolizado de salmon";aceite estabilizado de pollo;arroz entero;—
148;Poema alimento super primium;Poema ;Canino ;Adultos ;30,00;15,00;7,00;9,00;3,00;36,00;3,30;471,90;408,13;376,93;7,75;Hidrolizado de salmón entero, arroz entero, aceite de salmón, sardinas, avena;"Hidrolizado de salmón entero; sardinas";aceite de salmón;"arroz entero; avena";—
149;Poema alimento super primium cachorro;Poema ;Canino ;Cachorro ;33,00;17,00;7,00;9,00;3,00;31,00;3,30;487,30;421,44;387,12;7,75;Hidrolizado de salmón entero, arroz entero, aceite de salmon y sardinas, avena, almidón de mandioca;"Hidrolizado de salmón entero; sardinas";aceite de salmon;"arroz entero; avena; almidón de mandioca";—
150;Premier ;Premier ;Canino ;Adulto Obeso / Light;27,00;9,00;7,50;12,00;8,00;36,50;9,09;420,95;329,18;301,10;6,00;Harina de pollo, arroz, fibra vegetal, grasa de pollo, pulpa de remolacha;Harina de pollo;grasa de pollo;"arroz; fibra vegetal; pulpa de remolacha";—
151;Puppy Large Breed;Premium;Canino ;cachorro ;28,00;14,00;9,00;10,00;4,00;35,00;4,44;451,10;382,73;353,61;5,00;Harina de pollo, maíz, arroz, grasa, minerales;Harina de pollo;grasa;"maíz; arroz";minerales
152;Pro Pac Ultimate Lamb Meal & Rice;Pro Pac;Canino;Adulto;22,00;12,00;7,00;10,00;6,00;43,00;6,67;439,10;358,60;335,72;20,00;Harina de cordero, arroz, cebada, grasa de pollo, pulpa de remolacha;Harina de cordero;grasa de pollo;"arroz; cebada; pulpa de remolacha";—
153;Pro Pac Ultimate Puppy Chicken Meal;Pro Pac;Canino;Cachorro;30,00;20,00;8,00;10,00;4,00;28,00;4,44;490,20;415,91;384,71;22,00;Harina de pollo, arroz, cebada, grasa de pollo, pulpa de remolacha;Harina de pollo;grasa de pollo;"arroz; cebada; pulpa de remolacha";—
154;Pro Pac;Pro Pac;Canino ;Adulto;22,00;12,00;9,30;10,00;5,50;41,20;6,11;429,67;354,31;331,43;3,61;Cordero, arroz integral, pescado blanco, pulpa de remolacha, linaza;"Cordero; pescado blanco";—;"arroz integral; pulpa de remolacha";linaza
155;Ultimates;Pro Pac Ultimates;Canino ;Adulto;22,00;12,00;9,30;10,00;5,50;41,20;6,11;429,67;354,31;331,43;7,10;Harina de cordero, arroz integral, guisantes, arroz, almidón de guisantes;"Harina de cordero; guisantes";—;"arroz integral; arroz; almidón de guisantes";—
156;ProCan;Pronaca;Canino ;Adultos razas medianas y grandes;21,00;8,00;8,00;10,00;4,00;49,00;4,44;412,20;349,73;327,89;1,68;Maíz, harina de pollo, harina de carne y hueso, coproductos de procesamiento de aves, coproductos de trigo;"harina de pollo; harina de carne y hueso; coproductos de procesamiento de aves";—;"Maíz; coproductos de trigo";—
157;Compa Sabor a Pollo;Pronaca;Canino ;Adultos para todas las razas;18,00;6,00;8,00;12,00;5,00;51,00;5,68;388,60;322,83;304,11;1,32;Maiz y derivados, harina de pollo, harina de Visceras, salvado de trigo, soya y derivados;"harina de pollo; harina de Visceras; soya y derivados";—;"Maiz y derivados; salvado de trigo";—
158;ProCan Equilibrio;Pronaca;Canino;Adulto todas las razas ;23,00;8,00;7,00;10,00;5,00;47,00;5,56;419,50;349,26;325,34;2,62;Maíz, coproductos de procesamiento de aves, coproductos de trigo, pasta de soya, coproductos de arroz ;"coproductos de procesamiento de aves; pasta de soya";—;"Maíz; coproductos de trigo; coproductos de arroz";—
159;ProCan ;Pronaca;Canino;Senior;22,00;7,00;7,00;12,00;5,00;47,00;5,68;404,40;335,96;313,08;2,83;Pollo, carne, cereales, glucosamina y condroitina;"Pollo; carne";—;cereales;glucosamina y condroitina
160;Compa;Pronaca;Canino;Cachorros;20,00;8,00;10,00;12,00;4,00;46,00;4,55;394,20;333,89;313,09;1,13;Maíz y derivados, trigo y derivados, harina de pollo, harina de visceras, soya y derivados;"harina de pollo; harina de visceras; soya y derivados";—;"Maíz y derivados; trigo y derivados";—
161;LADRINA sabor carne a la parilla con cereales y leche para cachorros;PURINA;Canino;Cachorro;25,00;11,00;9,00;12,00;5,00;38,00;5,68;422,20;350,74;324,74;6,67;Maíz/Harina de carne/Arroz/Grasa animal/Suero de leche en polvo;"Harina de carne; Suero de leche en polvo";Grasa animal;"Maíz; Arroz";—
162;LADRINA sabor a pollo a la brasa con vegetales;PURINA;Canino;Adulto;19,00;7,50;9,50;12,00;6,50;45,50;7,39;392,00;316,10;296,34;4,78;Maíz/Harina de subproductos de pollo/Trigo/Grasa animal/Subproductos de origen veguetal;Harina de subproductos de pollo;Grasa animal;"Maíz; Trigo";Subproductos de origen veguetal
163;EXCELLENT adult maintenance;PURINA;Canino;Adulto;23,00;10,00;9,00;12,00;4,00;42,00;4,55;413,70;350,40;326,48;14,33;Maíz/Harina de soya/Arro/Harina de carne/Hueso bovino,;"Harina de soya; Harina de carne; Hueso bovino";—;"Maíz; Arro";—
164;LABRINA sabor carne a la parrilla con vegetales;PURINA;Canino;Adulto;25,00;11,00;9,00;12,00;5,00;38,00;5,68;422,20;350,74;324,74;8,65;Maíz/Harina de subproductos de carne/Trigo/Grasa animal/Subproductos de origen veguetal;Harina de subproductos de carne;Grasa animal;"Maíz; Trigo";Subproductos de origen veguetal
165;Dog Chow Adulto;Purina Dog Chow;Canino ;Adulto ;21,00;10,00;8,00;12,00;4,00;45,00;4,55;414,60;351,17;329,33;2,40;Harina de carne, maíz, arroz, grasa animal, soya;"Harina de carne; soya";Grasa animal;"maíz; arroz";—
166;PUPPY SMALL BREED;Purina pro plan;Canino ;Cachorros;28,00;17,00;7,00;12,00;3,00;33,00;3,41;467,00;403,14;374,02;8,00;Pollo, harina de proteina de maiz , subproducto de ave ,arroz ,trigo ;"Pollo; harina de proteina de maiz";—;"arroz; trigo";subproducto de ave
167;PUPPY MINI;Purina pro plan;canino ;Cachorros rasas pequeńas;30,00;20,00;7,00;12,00;3,00;28,00;3,41;486,10;419,63;388,43;7,50;pollo,glutende maiz,arroz,trigo,subproducto de ave;"pollo; glutende maiz";—;"arroz; trigo";subproducto de ave
168;HAPPY DOG FIT & VITAL MINI ADULT;Purina pro plan;Canino;Adulto Razas pequenas;26,00;26,00;7,00;12,00;2,00;27,00;2,27;511,50;449,86;422,82;7,50;pollo,glutende maiz,arroz,trigo,subproducto de ave;"pollo; glutende maiz";—;"arroz; trigo";subproducto de ave
169;Pro Plan Adult Dog Razas Medianas;Purina Pro Plan ;Canino ;Adulto ;26,00;15,00;8,50;12,00;3,00;35,50;3,41;447,05;385,92;358,88;7,17;Carne de pollo congelada, maíz, harina de subproductos de pollo, trigo, arroz;"Carne de pollo congelada; harina de subproductos de pollo";—;"maíz; trigo; arroz";—
170;Ringo Vitality Adulto;Ringo;Canino ;Adulto ;20,00;9,00;9,00;12,00;5,00;45,00;5,68;403,60;335,29;314,49;2,00;Harina de carne, maíz, trigo, grasa animal, vitaminas;Harina de carne;grasa animal;"maíz; trigo";vitaminas
171;Ringo Premium Adultos Para Razas Medianas y Grandes;Ringo;Canino ;Adulto ;24,00;10,00;9,00;10,00;4,00;43,00;4,44;423,50;359,32;334,36;2,16;Harina de pollo, Levadura, Gluten de maíz, Arroz molido, Torta de soya ;"Harina de pollo; Gluten de maíz; Torta de soya";—;Arroz molido;Levadura
172;SHIH TZU puppy;ROYAL CANIN;Canino;Cachorro;28,00;18,00;7,60;10,00;1,50;34,90;1,67;478,04;424,58;395,46;27,33;Proteína de ave deshidratadas/Arroz/Maíz/Grasas animales/Aislado de proteínas vguetales;"Proteína de ave deshidratadas; Aislado de proteínas vguetales";Grasas animales;"Arroz; Maíz";—
173;Pug adult;ROYAL CANIN;Canino;Adulto;27,00;16,00;10,10;10,00;3,60;33,30;4,00;455,59;389,44;361,36;21,33;Proteína de ave deshidratadas/Arroz/Maíz/Grasas animales/Hidrolizado de proteínas animales;"Proteína de ave deshidratadas; Hidrolizado de proteínas animales";Grasas animales;"Arroz; Maíz";—
174;ROYAL CANIN ADULT CHIHUAHUA ;ROYAL CANIN;Canino ;Adultos;28,00;14,00;5,10;10,00;2,10;40,80;2,33;467,09;410,40;381,28;27,17;Harina de subproductos de pollo, arroz, maíz, grasa animal y trigo ;Harina de subproductos de pollo;grasa animal;"arroz; maíz; trigo";—
175;Canine obesity management;Royal Canin;Canino ;Adulto;30,00;12,00;20,00;6,00;5,00;27,00;5,32;415,00;346,91;315,71;8,00;Fibra vegetal (celulosa), pulpa de remolacha, proteina de pollo, arroz, cebada, ;proteina de pollo;—;"Fibra vegetal (celulosa); pulpa de remolacha; arroz; cebada";—
176;STARTER MEDIUM;Royal Canin;Canino;Cachorros (destete hasta 2 meses) y Hembras gestantes y en lactancia;30,00;22,00;8,00;12,00;1,30;26,70;1,48;492,60;438,85;407,65;0,53;proteina de aves , arroz, grasa animal , proteina vegetal , maiz;"proteina de aves; proteina vegetal";grasa animal;"arroz; maiz";—
177;DERMACOMFORT ALL SIZES;Royal Canin;Canino ;Adulto;22,00;15,00;7,80;11,00;3,80;40,40;4,27;447,62;380,90;358,02;14,00;Arroz, proteína vegetal purificada L,I,P, (gluten de trigo), harina de trigo, grasas animales (vacuna y/o pollo), harina de gluten de maíz;"proteína vegetal purificada L,I,P, (gluten de trigo); harina de gluten de maíz";grasas animales (vacuna y/o pollo);"Arroz; harina de trigo";—
178;SABUESO ADULTOS;Sabueso;Canino ;Adulto ;18,00;7,00;7,00;11,00;6,00;51,00;6,74;402,10;327,95;309,23;2,67;Maíz, Gluten maíz, Soya, Harina carne;"Gluten maíz; Soya; Harina carne";—;Maíz;—
179;SABUESO CACHORROS;Sabueso;Canino ;Cachorro;28,00;8,00;10,00;12,00;4,00;38,00;4,55;407,00;344,73;315,61;2,50;Maíz, gluten de maíz y/o torta de soya, harina de carne y/o subproductos de pollo, salvado de trigo, cascarilla de soya;"gluten de maíz y/o torta de soya; harina de carne y/o subproductos de pollo";—;"Maíz; salvado de trigo";cascarilla de soya
180;SIEGER REDUCED CALORIE;Sieger;Canino ;Adultos;27,00;5,00;7,00;10,00;6,00;45,00;6,67;410,00;334,83;306,75;0,45;Harina de pollo, maiz, arroz, salvado de trigo, pulpa de remolacha ;Harina de pollo;—;"maiz; arroz; salvado de trigo; pulpa de remolacha";—
181;Supermaxi alimentos para perros ;Supermaxi;Canino ;Adulto;21,00;8,00;8,00;10,00;4,00;49,00;4,44;412,20;349,73;327,89;1,79;Trigo, harina de pollo, maíz, arroz,pasta de soya;"harina de pollo; pasta de soya";—;"Trigo; maíz; arroz";—
182;Bosch SOFT;TALMAX;Canino ;Adulto;21,00;14,00;6,00;19,00;3,00;37,00;3,70;415,30;356,76;334,92;9,33;Pollo fresco, banana deshidratada, harina de papa, almidon de papa, proteina de papa;"Pollo fresco; proteina de papa";—;"banana deshidratada; harina de papa; almidon de papa";—
183;Belcan Adulto;Vitalcan;Canino ;Adultos ;18,00;12,00;4,00;7,00;4,00;55,00;4,30;457,30;388,93;370,21;8,50;Harina de carne, Harinae pollo, Aceite de pollo, Hidrolizado proteico de pollo, Hrina de pescado, Harina de trigo ;"Harina de carne; Harinae pollo; Hidrolizado proteico de pollo; Hrina de pescado";Aceite de pollo;Harina de trigo;—
184;Belcan Junior;Vitalcan;Canino ;Adultos Razas medianas y grandes;21,00;10,00;4,00;10,00;4,00;51,00;4,44;439,20;372,64;350,80;9,00;Harina de carne y hueso bovino, maíz, Harina de pollo, trigo, arroz;"Harina de carne y hueso bovino; Harina de pollo";—;"maíz; trigo; arroz";—
185;HOP! perros adultos razas medianas y grandes;Vitalcan;Canino ;Adulto;21,00;10,00;4,00;10,00;4,00;51,00;4,44;439,20;372,64;350,80;9,00;Maiz, harina de carne, arvejas, harina de soja, arroz, harina de pollo;"harina de carne; arvejas; harina de soja; harina de pollo";—;"Maiz; arroz";—
186;Nurique Mother baby dog;Vitalcan;Canino;Adulto;32,00;8,00;2,00;16,00;6,00;36,00;7,14;429,80;348,08;314,80;6,00;Pollo deshodratado, arroz, maiz grasa de pollo, proteina de pescado, pulpa de remolacha;"Pollo deshodratado; proteina de pescado";grasa de pollo;"arroz; maiz; pulpa de remolacha";—
187;PREMIUM PERROS CACHORROS VITALCAN;Vitalcan;Canino ;Cachorro;25,00;15,00;7,50;10,00;4,00;38,50;4,44;457,75;388,38;362,38;5,00;Harina de carne y hueso bovino, trigo, harina de vísceras de pollo, maíz, concentrado proteico de soja;"Harina de carne y hueso bovino; harina de vísceras de pollo; concentrado proteico de soja";—;"trigo; maíz";—
188;Premium;Vitalcan;Canino ;Adultos;24,00;14,00;9,00;10,00;3,50;39,50;3,89;444,70;380,84;355,88;7,04;Harina de carne y hueso bovino, maíz, harina de visceras de pollo, trigo;"Harina de carne y hueso bovino; harina de visceras de pollo";—;"maíz; trigo";—
189;Premium Perro Adulto Raza Pequeńa;Vitalcan;Canino ;Adultos raza pequeńa;25,00;15,00;8,00;10,00;3,50;38,50;3,89;455,70;390,26;364,26;6,00;Harina de vísceras de pollo, maíz, harina de carne y hueso bovino, trigo,;"Harina de vísceras de pollo; harina de carne y hueso bovino";—;"maíz; trigo";—
190;WELLNESS Cachorros Razas Medianas y Grandes;Wellnes (Wellnes Pet Food);Canino ;Cachorro;28,00;13,00;9,50;10,00;4,00;35,50;4,44;443,75;376,50;347,38;8,40;Harina de salmón, harina de pollo, almidón de yuca, aceite de pollo, hidrolizado de pollo y cerdo ;"Harina de salmón; harina de pollo; hidrolizado de pollo y cerdo";aceite de pollo;almidón de yuca;—
191;NATURAL WOODLAND WILD IBERIAN DIET;Wild Iberian DIet;Canino;Todas las edades;30,00;17,00;7,50;9,00;3,50;33,00;3,85;480,45;411,75;380,55;15,00;Carne deshidratada de cerdo ibérico, Arroz integral, Guisantes, Arroz molido, Carne fresca de Jabalí;"Carne deshidratada de cerdo ibérico; Guisantes; Carne fresca de Jabalí";—;"Arroz integral; Arroz molido";—
192;Winner Plus Junior;Winner Plus;Canino ;Cachorro;29,00;19,00;6,50;10,00;2,90;32,60;3,22;489,45;423,83;393,67;6,60;Pollo deshidratado, arroz, grasa animal, salmos deshidratado y pulpa de remolacha;"Pollo deshidratado; salmos deshidratado";grasa animal;"arroz; pulpa de remolacha";—
193;Winner Plus Salmon y Potato Holistis;Winner Plus;Canino ;Adultos todas las razas;24,00;14,00;5,90;10,00;2,40;43,70;2,67;457,41;399,72;374,76;6,25;"Salmón 41%; patata deshidratada; almidón de patata; grasa animal; pulpa de remolacha azucarera deshidratada";Salmón 41%;grasa animal;"patata deshidratada; almidón de patata; pulpa de remolacha azucarera deshidratada";—
194;SPECIAL DOG EXCELLENCE MEDIUN ADULT MONOPROTEIN PORK;;Canino ;Adulto (razas medianas);24,00;12,00;7,00;10,00;3,00;44,00;3,33;442,30;382,29;357,33;3,50;Carne de cerdo deshidratada, arroz, maíz, grasa animal, pulpa de remolacha, levaduras, vitaminas y minerales;Carne de cerdo deshidratada;grasa animal;"arroz; maíz; pulpa de remolacha";"levaduras; vitaminas; minerales"
195;SPECIAL DOG EXCELLENCE ALL BREEDS PUPPY & JUNIOR CHIKEN;;Canino ;Cachorro;28,00;14,00;7,50;10,00;2,50;38,00;2,78;457,25;398,85;369,73;3,80;Pollo deshidratado, arroz, maíz, grasa animal, huevo en polvo, pulpa de remolacha, vitaminas y minerales;"Pollo deshidratado; huevo en polvo";grasa animal;"arroz; maíz; pulpa de remolacha";"vitaminas; minerales"
196;El Artesanal Alimento para perros adultos ;;Canino ;Adulto;20,00;10,00;8,00;12,00;4,00;46,00;4,55;413,00;349,81;329,01;2,50;Carne de pollo, arroz, vegetales (zanahoria), grasa animal, vísceras, vitaminas y minerales;"Carne de pollo; vísceras";grasa animal;"arroz; vegetales (zanahoria)";"vitaminas; minerales"
197;El Artesanal Alimento para perros cachorros ;;Canino ;Cachorro;26,00;12,00;7,00;12,00;3,00;40,00;3,41;437,30;377,50;350,46;2,80;Carne de pollo, arroz, huevo, grasa animal, vegetales, vitaminas y minerales;"Carne de pollo; huevo";grasa animal;"arroz; vegetales";"vitaminas; minerales"
198;SP ADULTE 28/18 MINI DOG;;Canino ;Adulto (razas pequeńas);28,00;18,00;6,50;10,00;2,50;35,00;2,78;482,55;420,92;391,80;8,00;Pollo deshidratado, arroz, grasa animal, proteína vegetal, pulpa de remolacha, vitaminas y minerales;"Pollo deshidratado; proteína vegetal";grasa animal;"arroz; pulpa de remolacha";"vitaminas; minerales"
199;SP LAMB AND RICE;;Canino ;Adulto;32,00;18,00;6,50;10,00;2,50;31,00;2,78;488,95;426,50;393,22;4,70;Cordero deshidratado, arroz, grasa animal, proteína vegetal, pulpa de remolacha, vitaminas y minerales;"Cordero deshidratado; proteína vegetal";grasa animal;"arroz; pulpa de remolacha";"vitaminas; minerales"
200;RINGO + PRO CACHORROS;;Canino ;Cachorro;28,00;12,00;10,00;10,00;3,00;37,00;3,33;436,40;377,20;348,08;2,00;Harina de carne y/o harina de pollo, levadura, gluten de maíz, harina de trigo y/o arroz molido y/o trigo molido, torta de soya;"Harina de carne y/o harina de pollo; gluten de maíz; torta de soya";—;harina de trigo y/o arroz molido y/o trigo molido;levadura
201;Balanced Gato Adulto;Vitalcan Balanced;Felino;Adulto (1–7 ańos);30,00;12,00;7,00;10,00;3,00;38,00;3,33;451,90;390,59;359,39;13,50;Harina de pollo, arroz, maíz, gluten de maíz, grasa animal;"Harina de pollo; gluten de maíz";grasa animal;"arroz; maíz";—
202;Ownat Grain Free Gato Adulto Pollo y Pavo;Ownat;Felino;Adulto;40,00;20,00;9,00;8,00;2,50;20,50;2,72;510,30;445,56;403,96;9,90;Pollo fresco, pavo fresco, pollo deshidratado, mandioca, guisantes;"Pollo fresco; pavo fresco; pollo deshidratado; guisantes";—;mandioca;—
203;Cat Chow;Purina;Felino;Adulto ;31,00;10,00;9,90;12,00;3,50;33,60;3,98;422,81;361,56;329,32;12,20;Maiz, harinas proteicas, trigo, soya, gluten de maíz ;"harinas proteicas; soya; gluten de maíz";—;"Maiz; trigo";—
204;Royal Canin Indoor;Royal Canin;Felino ;Adulto  ;27,00;13,00;7,00;8,00;4,00;41,00;4,35;460,60;391,43;363,35;26,18;Maiz, proteinas de ave deshidratadas, arroz, aislado de proteínas vegetales, trigo;"proteinas de ave deshidratadas; aislado de proteínas vegetales";—;"Maiz; arroz; trigo";—
205;Avant Premium Gatitos;Pronaca;Felino ;Cachorros;38,00;16,00;9,00;10,00;3,50;23,50;3,89;477,70;409,10;369,58;5,20;Carne de pollo y/o cerdo, harina de pollo, maíz, grasa animal y/o vegetal, proteína de maíz;"Carne de pollo y/o cerdo; harina de pollo; proteína de maíz";grasa animal y/o vegetal;maíz;—
206;Avant Premium Gatos;Pronaca;Felino ;Adulto;36,00;15,00;8,50;10,00;4,00;26,50;4,44;471,25;399,83;362,39;5,08;Carne de pollo y/o cerdo, harina de pollo, arroz, maíz, grasa animal y/o vegetal;"Carne de pollo y/o cerdo; harina de pollo";grasa animal y/o vegetal;"arroz; maíz";—
207;ProCat Care ;Pronaca;Felino ;Adultos;32,00;10,00;8,50;12,00;5,00;32,50;5,68;430,15;357,35;324,07;3,91;Harina de pollo y/o cerdo, arroz, maíz y/o trigo, proteína de maíz, grasa animal y/o vegetal;"Harina de pollo y/o cerdo; proteína de maíz";grasa animal y/o vegetal;"arroz; maíz y/o trigo";—
208;NutraPro;Agripac;Felino;Adultos;32,00;12,00;8,00;12,00;3,50;32,50;3,98;442,80;378,65;345,37;8,50;Harina de pollo,arroz,gluten de maiz, Nucleo Nutra Pro Opticat Gatos;"Harina de pollo; gluten de maiz";—;arroz;Nucleo Nutra Pro Opticat Gatos
209;Michu Pollo;Agripac;Felino ;Adultos;24,00;8,00;9,00;10,00;4,00;45,00;4,44;412,90;350,32;325,36;6,20;Arrocillo,Pasta de soya,Harina de pollo,maiz,Grano de soya;"Pasta de soya; Harina de pollo; Grano de soya";—;"Arrocillo; maiz";—
210;Chiki ;Pronaca;Felino;Adulto;35,00;15,00;8,00;10,00;4,00;28,00;4,44;471,70;400,21;363,81;30,00;Harina de carne de pollo, Subproductos de cereales, aceites vegetales, prebioticos ;Harina de carne de pollo;aceites vegetales;Subproductos de cereales;prebioticos
211;NutraPro;Agripac;Felino;Cachorros;32,00;12,00;8,00;12,00;3,50;32,50;3,98;442,80;378,65;345,37;28,71;Harina de pollo, arroz, maíz, gluten de maíz, grasa animal;"Harina de pollo; gluten de maíz";grasa animal;"arroz; maíz";—
212;Wiskas ;Mars incorporated ;Felino;Adulto ;30,00;12,00;8,50;12,00;4,00;33,50;4,55;437,55;370,60;339,40;5,50;Maíz, gluten de maíz, harina de subproductos de pollo, harina de soya, grasa animal ;"gluten de maíz; harina de subproductos de pollo; harina de soya";grasa animal;Maíz;—
213;Ferguz;albex;Felino ;Adultos/ Cachorros;28,00;10,00;9,00;12,00;4,50;36,50;5,11;421,70;353,75;324,63;4,20;Maíz,harina de carne y hueso,gluten de maiz, harina de soya, trigo ;"harina de carne y hueso; gluten de maiz; harina de soya";—;"Maíz; trigo";—
214;Wellness;Agripac;Felino ;Adultos;16,00;14,00;9,00;10,00;4,00;47,00;4,44;431,90;366,44;349,80;19,60;Harina de salmón , harina de pollo, harina de arveja , huevo en polvo,harina de calamar;"Harina de salmón; harina de pollo; harina de arveja; huevo en polvo; harina de calamar";—;—;—
215;Nutrique Ultra premium;Vitalcan ;Felino ;Adultos;34,00;15,00;8,00;8,00;3,50;31,50;3,80;478,30;410,19;374,83;12,50;Harina de pavo , arroz, hidrolizado de higadoporcino deshidratado , arvejas secas , cebada ;"Harina de pavo; hidrolizado de higadoporcino deshidratado; arvejas secas";—;"arroz; cebada";—
216;ProCat Care ;Pronaca;Felino;Cachorros;34,00;12,00;12,00;10,00;5,50;26,50;6,11;437,80;361,01;325,65;2,90;Harina de pollo y/o cerdo, arroz, maíz y/o trigo, proteína de maíz, grasa animal y/o vegetal;"Harina de pollo y/o cerdo; proteína de maíz";grasa animal y/o vegetal;"arroz; maíz y/o trigo";—
217;Cat Chow;Purina;Felino;Cachorros;36,00;12,00;9,50;12,00;3,00;27,50;3,41;443,05;382,46;345,02;4,77;Harinas proteicas (pollo, res y/o cerdo), soya, gluten de maíz, trigo, maíz;"Harinas proteicas (pollo, res y/o cerdo); soya; gluten de maíz";—;"trigo; maíz";—
218;TEO Dry Cat Food;Teo;Felino ;Adulto;30,00;10,00;6,00;10,00;3,00;41,00;3,33;445,40;384,97;353,77;6,00;Maiz, pollo , garasas animales , proteina vegetal, lizina;"pollo; proteina vegetal";garasas animales;Maiz;lizina
219;Güerpo adultos formula grangera ;Guerpo;Felino ;Adulto;30,00;12,00;9,00;12,00;5,00;32,00;5,68;435,50;361,79;330,59;5,20;Pollo, arroz, almidon, salvado de trigo,  vegetales;Pollo;—;"arroz; almidon; salvado de trigo; vegetales";—
220;Eukanuba Grain  free cat ;Eukanuba ;Felino ;Adulto;37,00;12,00;6,80;8,00;2,80;33,40;3,04;472,12;410,03;371,55;8,50;pollo deshidratado,salmon fresco,papas,arvejas ,grasa de ave ;"pollo deshidratado; salmon fresco; arvejas";grasa de ave;papas;—
221;Advance cat sterilized;Advence;Felino ;adulto/esterilizado;38,00;12,50;7,50;8,00;4,30;29,70;4,67;473,50;400,18;360,66;7,50;Pavo , trigo maiz,proteina de cerdo deshidratada, cebada ;"Pavo; proteina de cerdo deshidratada";—;"trigo; maiz; cebada";—
222;catelux;josera;Felino ;adulto;32,00;20,00;6,80;8,00;5,30;27,90;5,76;506,52;420,22;386,94;9,00;proteina de ave,maiz,grasa de ave,papa deshidratada , fibra de remolacha ;proteina de ave;grasa de ave;"maiz; papa deshidratada; fibra de remolacha";—
223;Acana Bountiful Catch de Salmon ;Acana;Felino ;Adulto;33,00;16,00;9,00;10,00;4,00;28,00;4,44;469,70;398,51;433,00;34,76;Salmón, harina de salmón, harina de bagre, avena, guisantes enteros;"Salmón; harina de salmón; harina de bagre; guisantes enteros";—;avena;—
224;Nutritec Gatos Esterilizados;Bioalimentar;Felino ;Adulto/Esterilizado;32,00;10,00;8,00;10,00;5,00;35,00;5,56;440,40;366,66;333,38;10,45;Harina de pollo, harina de atún, arroz, concentrado de soya, trigo;"Harina de pollo; harina de atún; concentrado de soya";—;"arroz; trigo";—
225;Pro Plan Esterilizados;Purina;Felino ;Adulto/Esterilizado;40,00;12,00;8,50;12,00;5,50;22,00;6,25;4310,00;3664,00;3750,00;24,57;Harina de subproductos de pollo, arroz, carne de salmón, harina de soja, gluten de maíz;"Harina de subproductos de pollo; carne de salmón; harina de soja; gluten de maíz";—;arroz;—
226;Pro Plan Kitten;Purina;Felino;Cachorros;40,00;19,00;8,00;12,00;2,50;18,50;2,84;4825,00;4101,00;4300,00;19,89;Carne de pollo, harina de subproductos de pollo, gluten de maíz, arroz, maíz;"Carne de pollo; harina de subproductos de pollo; gluten de maíz";—;"arroz; maíz";—
227;Purina One Adultos Pollo y Salmón;Purina;Felino ;Adultos;34,00;14,00;8,50;12,00;3,00;28,50;3,41;4423,00;3759,00;3646,00;20,52;Carne de pollo y salmón congelados, maíz, harina de subproductos de pollo, trigo, harina de gluten de maíz;"Carne de pollo y salmón congelados; harina de subproductos de pollo; harina de gluten de maíz";—;"maíz; trigo";—
228;ONE;Purina;Felino;Adulto;34,00;14,00;8,50;12,00;3,00;28,50;3,41;454,55;392,39;357,03;22,95;Carne de pollo y salmon congelada, harina de suprducto de pollo, harina de gluten de maiz, trigo ;"Carne de pollo y salmon congelada; harina de suprducto de pollo; harina de gluten de maiz";—;trigo;—
229;ONE;Purina;Felino;Cachorros;39,00;18,00;8,50;12,00;3,00;19,50;3,41;483,75;417,60;377,04;23,40;Carne de pollo y vacuna congelada, harina de gluten de maiz, harina de subproductos de pollo, maiz;"Carne de pollo y vacuna congelada; harina de gluten de maiz; harina de subproductos de pollo";—;maiz;—
230;ONE;Purina;Felino ;Esterilizado;37,00;12,00;8,50;12,00;5,00;25,50;5,68;448,75;372,80;334,32;29,80;Carne de pollo y salmon congelada, harina de subproductos de pollo, harina de gluten de maiz, maiz;"Carne de pollo y salmon congelada; harina de subproductos de pollo; harina de gluten de maiz";—;maiz;—
231;BalanCAT;Agripac;Felino ;Adultos;29,00;12,00;10,00;12,00;5,00;32,00;5,68;429,80;357,06;326,90;5,50;Arroz, soya, trigo, harina de cerdo, aceite de pollo;"harina de cerdo; soya";aceite de pollo;"Arroz; trigo";—
232;Oh Mai Gat: Caseros y Delicados;Alimentos Polar;Felino ;Adultos;32,00;14,00;9,00;12,00;4,00;29,00;4,55;449,30;380,56;347,28;5,00;Subproductos cereales, maiz y/o arroz, harina de carne, hueso bovino, harina de cerdo;"harina de carne; hueso bovino; harina de cerdo";—;"Subproductos cereales; maiz y/o arroz";—
233;Cats Love Gato Adulto;Cats Love ;Felino ;Adulto ;31,00;15,00;9,00;10,00;2,00;33,00;2,22;461,20;405,96;373,72;9,00;Pescado o salmón , papas , arvejas, aceite de salmón, boniato;"Pescado o salmón; arvejas";aceite de salmón;"papas; boniato";—
234;Catxtreme Gato ;Catxtreme ;Felino;Adulto;32,00;12,00;7,60;8,50;4,00;35,90;4,37;458,79;389,74;356,46;5,00;Pollo,trigo,maíz ,arveja,proteínas animales ;"Pollo; proteínas animales";—;"trigo; maíz; arveja";—
235;NutraPro Gatitos y Gatos;Agripac;Felino;Cachorro/adulto;32,00;12,00;8,00;12,00;3,50;32,50;3,98;442,80;378,65;345,37;3,61;Harina de pollo, arroz, gluten de maíz, maiz ,pulpa de remolacha;"Harina de pollo; gluten de maíz";—;"arroz; maiz; pulpa de remolacha";—
236;NutraPro Control Peso;Agripac;Felino;Esterilizado;32,00;8,00;8,00;12,00;5,00;35,00;5,68;421,60;350,24;316,96;5,15;Harina de pollo, arroz, gluten de maíz, maíz, pulpa de remolacha,;"Harina de pollo; gluten de maíz";—;"arroz; maíz; pulpa de remolacha";—
237;Royal canin Sterilised 37;Royal canin;Felino;adulto/esterilizado;37,00;12,00;7,00;10,00;3,00;31,00;3,33;463,10;400,27;361,79;34,00;pollo deshidratado, maiz, aislado de proteinas vegetales, fibras vegetales, grasas animales;"pollo deshidratado; aislado de proteinas vegetales";grasas animales;"maiz; fibras vegetales";—
238;Royal canin Urinary S/O;Royal canin;Felino;Adultos/ Cachorros;34,00;15,00;7,50;8,00;2,50;33,00;2,72;480,35;419,41;384,05;40,00;Arroz, gluten de trigo, pollo deshidratada, harian de maiz, grasas animales;"gluten de trigo; pollo deshidratada";grasas animales;"Arroz; harian de maiz";—
239;Royal cani kitten sterilised;Royal Canin;Felino;cachorro/esterilizado;34,00;12,00;7,40;8,00;9,80;28,80;10,65;464,86;353,14;317,78;38,60;harina de subproductos de pollo, arroz integral, grasa de pollo, gluten de trigo, maiz;"harina de subproductos de pollo; gluten de trigo";grasa de pollo;"arroz integral; maiz";—
240;Wellness ;Wellness ;Felino ;Adultos/Esterilizados ;38,00;18,00;9,00;10,00;5,00;20,00;5,56;488,30;406,54;367,02;12,00;Pollo o salmón ,harina de pescado ,arroz o cebada,linaza ,grasa de pollo ;"Pollo o salmón; harina de pescado";grasa de pollo;arroz o cebada;linaza
241;Avant Gatitos;Avant Premium;Felino ;Gatitos hasta 12 meses;38,00;16,00;9,00;10,00;3,50;23,50;3,89;477,70;409,10;369,58;3,71;Carne fresca de pollo y cerdo, Harina de pollo, Arroz, Maíz, Avena;"Carne fresca de pollo y cerdo; Harina de pollo";—;"Arroz; Maíz; Avena";—
242;Avant Adulto;Avant Premium;Felino ;Adulto;32,00;14,00;9,00;10,00;4,00;31,00;4,44;457,50;388,16;354,88;5,00;Carne de pollo y/o cerdo, harina de pollo, arroz, maíz, proteína vegetal;"Carne de pollo y/o cerdo; harina de pollo; proteína vegetal";—;"arroz; maíz";—
243;Avant Urinary;Avant Premium;Felino ;Adulto;34,00;12,00;8,50;10,00;4,00;31,50;4,44;452,15;383,62;348,26;5,50;Carne de pollo y/o cerdo, harina de pollo, arroz, maíz, proteína de maíz;"Carne de pollo y/o cerdo; harina de pollo; proteína de maíz";—;"arroz; maíz";—
244;Ferguz;Ferguz Premium;Felino ;Adulto mix;30,00;10,00;8,00;11,00;4,00;37,00;4,49;433,10;367,15;335,95;19,95;Harina de pollo, concentrado proteico de maíz, arrocillo, maíz entero, germen de maíz;"Harina de pollo; concentrado proteico de maíz";—;"arrocillo; maíz entero; germen de maíz";—
245;Güerpo fórmula granjera;Güerpo;Felino ;Esterilizado;36,00;10,00;8,00;10,00;4,00;32,00;4,44;446,80;379,08;341,64;6,50;Harina de pollo, concentrado proteico de maiz, hidrolizado en polvo de pollo y/o cerdo, huevo hidrolizado, pasta de soya;"Harina de pollo; concentrado proteico de maiz; hidrolizado en polvo de pollo y/o cerdo; huevo hidrolizado; pasta de soya";—;—;—
246;Ownat Care Urinary;Ownat;Felino;Adulto;33,00;14,00;7,00;8,00;3,50;32,00;3,80;465,25;399,00;364,68;26,90;Pollo fresco, arroz integral, cerdo deshidratado, salmon deshidratado, raíces de yuca;"Pollo fresco; cerdo deshidratado; salmon deshidratado";—;"arroz integral; raíces de yuca";—
247;Ownat Care Wieght Control;Ownat;Felino;Adulto;37,00;9,50;7,50;8,00;8,00;30,00;8,70;456,00;359,17;320,69;41,90;Pavo fresco, pollo deshidratado, cerdo deshidratado, hidrolizado de salmon, batata deshidratada;"Pavo fresco; pollo deshidratado; cerdo deshidratado; hidrolizado de salmon";—;batata deshidratada;—
248;Monello Cat Adultos Salmón y Pollo;Monello;Felino;Adulto (+1 ańo);31,00;12,00;7,50;10,00;3,00;36,50;3,33;451,45;390,20;357,96;7,25;Harina de salmón, aceite de salmón, MOS, hexametafosfato de sodio, extracto de yucca schidigera;Harina de salmón;aceite de salmón;—;"MOS; hexametafosfato de sodio; extracto de yucca schidigera"
249;Monello Cat Gatitos;Monello;Felino;Gatitos;33,00;12,00;8,00;10,00;3,50;42,50;3,89;489,50;419,20;384,88;35,40;Harina de subproductos avícolas, harina de salmón, granos de maíz, arroz quebrado, salvado de soya,;"Harina de subproductos avícolas; harina de salmón";—;"granos de maíz; arroz quebrado; salvado de soya";—
250;Monello Cat Adulto Bolas de Pelo;Monello;Felino;Adulto;31,00;12,00;7,50;10,00;5,50;34,00;6,11;451,45;372,27;340,03;28,50;Harina de vísceras de ave, harina de salmón, maíz, arroz quebrado, harina de soya;"Harina de vísceras de ave; harina de salmón; harina de soya";—;"maíz; arroz quebrado";—
251;Cat Chow Esterilizados;Purina;Felino ;Adulto/esterilizado;36,00;12,00;9,50;12,00;6,00;24,50;6,82;443,05;360,86;323,42;10,75;Harinas proteicas origen animal, harinas de pescado, harina de alga, maíz, concentrado proteico ;"Harinas proteicas origen animal; harinas de pescado; harina de alga; concentrado proteico";—;maíz;—
252;Pro Plan Urinary;Purina;Felino ;Adultos;40,00;11,00;9,00;12,00;4,00;24,00;4,55;446,20;377,93;336,33;27,00;Gluten de maíz, pollo, harina subproductos pollo, arroz cervecero, maíz amarillo molido;"Gluten de maíz; pollo; harina subproductos pollo";—;"arroz cervecero; maíz amarillo molido";—
253; Royal Canin Sterilised Kitten;Royal canin;Felino ;Cachorros esterilizados;34,00;12,00;7,40;8,00;9,80;28,80;10,65;464,86;353,14;317,78;42,90;Proteína de ave de corral deshidratada, gluten de trigo, fibras vegetales, harina de trigo, grasas animales;"Proteína de ave de corral deshidratada; gluten de trigo";grasas animales;"fibras vegetales; harina de trigo";—
254;Royal Canin Diabetic so Index ;Royal canin;Felino ;Adultos ;46,00;12,00;7,90;8,00;4,10;22,00;4,46;482,01;408,88;361,04;47,90;Proteína de ave deshidratada, cebada, gluten de trigo, gluten de maíz, aislado de proteína de soja;"Proteína de ave deshidratada; gluten de trigo; gluten de maíz; aislado de proteína de soja";—;cebada;—
255;PremieR Esterilizado;PremieR pets;Felino ;adulto/esterilizado;38,00;12,00;8,00;10,00;4,50;27,50;5,00;460,60;387,13;347,61;24,50;Harina de víceras pollo, harina chicharrón cerdo, gluten maíz, huevo en polvo, proteína soja;"Harina de víceras pollo; harina chicharrón cerdo; gluten maíz; huevo en polvo; proteína soja";—;—;—
256;Alimento para gatos;Supermaxi;Felino ;Adulto;29,00;10,50;9,00;12,00;2,50;37,00;2,84;425,95;371,16;341,00;1,65;Harina de pollo, Arrocillo, Maíz, Coproductos de trigo, Trigo;Harina de pollo;—;"Arrocillo; Maíz; Coproductos de trigo; Trigo";—
257;Alimento para gatos ;La Original;Felino ;Adultos y Cachorros;26,00;6,50;8,00;9,00;4,50;46,00;4,95;416,35;350,27;323,23;1,29;Trigo, maíz, harina de pollo, harina de pescado, pasta de soya;"harina de pollo; harina de pescado; pasta de soya";—;"Trigo; maíz";—
258;Royal Canin Kitten;Royal Canin;Felino;Cachorros (4–12 meses);35,00;17,00;7,50;7,80;3,40;29,30;3,69;493,37;423,94;387,54;15,00;Proteína de ave deshidratada, arroz, gluten de trigo, grasa animal, maíz;"Proteína de ave deshidratada; gluten de trigo";grasa animal;"arroz; maíz";—
259;Pro Plan Adult Complete;Purina;Felino;Adulto;32,00;15,00;7,50;8,00;3,00;34,50;3,26;477,15;412,91;379,63;14,00;Pollo, arroz, gluten de maíz, harina de subproductos de pollo, maíz;"Pollo; gluten de maíz; harina de subproductos de pollo";—;"arroz; maíz";—
260;Royal Canin Fit 32;Royal canin;Felino;Adulto;32,00;15,00;7,50;8,00;4,00;33,50;4,35;477,15;405,49;372,21;15,00;Proteína de ave deshidratada, maíz, harina de maíz, trigo, grasa animal;Proteína de ave deshidratada;grasa animal;"maíz; harina de maíz; trigo";—
261;Hill's Science Diet Adult Indoor Cat;Hill's;Felino ;Adulto;30,00;20,00;6,50;8,00;3,00;32,50;3,26;504,55;436,62;405,42;18,00;Pollo, arroz integral, maíz, harina de gluten de maíz, grasa de pollo;"Pollo; harina de gluten de maíz";grasa de pollo;"arroz integral; maíz";—
262;Alimento para gatos;Aki;Felino ;Gatitos a partir de 3 semanas;29,00;10,50;9,00;12,00;2,50;37,00;2,84;425,95;371,16;341,00;3,20;Harina de pollo, Arrocillo, Maíz, Coproductos de trigo, Trigo;Harina de pollo;—;"Arrocillo; Maíz; Coproductos de trigo; Trigo";—
263;Purina One Adultos Pollo y Salmón;Purina;Felino ;Adultos;34,00;14,00;2,80;12,00;3,00;34,20;3,41;477,92;412,56;377,20;17,90;Carne de pollo y salmón congelados, maíz, harina de subproductos de pollo, trigo, harina de gluten de maíz;"Carne de pollo y salmón congelados; harina de subproductos de pollo; harina de gluten de maíz";—;"maíz; trigo";—
264;Pro Cat Chow Urinary;Purina;Felino ;Adulto ;32,00;11,00;8,00;12,00;2,50;34,50;2,84;437,50;381,23;347,95;13,00;Cereales, carnes y subproductos animales, extractos de proteínas vegetales, aceites y grasas, subproductos de origen vegetal,;"carnes y subproductos animales; extractos de proteínas vegetales";aceites y grasas;Cereales;subproductos de origen vegetal
265;Pro Cat Chow Hairball;Purina;Felino ;Adulto;30,00;9,50;8,00;12,00;4,70;35,80;5,34;426,35;356,27;325,07;11,00;Harina de subproductos de pollo, maíz integral, harina de soya, trigo integral, gluten de maíz,;"Harina de subproductos de pollo; harina de soya; gluten de maíz";—;"maíz integral; trigo integral";—
266;Pro Cat Chow Sensitive;Purina;Felino ;Adulto;34,00;11,00;8,00;12,00;5,00;30,00;5,68;440,70;366,11;330,75;13,00;Harina de subproductos de ave (pollo o pavo), harina de proteína de maíz, harina de soya, arroz, maíz molido,;"Harina de subproductos de ave (pollo o pavo); harina de proteína de maíz; harina de soya";—;"arroz; maíz molido";—
267;Mimaskot;Molitalia;Felino ;Adulto;30,00;10,00;2,90;10,00;3,00;44,10;3,33;458,11;395,96;364,76;2,50;Maěz, harina de subproductos de aves, arroz y/o subproductos de arroz, grasas de aceite de animal, harina de carne y hueso;"harina de subproductos de aves; harina de carne y hueso";grasas de aceite de animal;"Maěz; arroz y/o subproductos de arroz";—
268;Purina One Kitten;Purina;Felino ;Cachorro;40,00;19,00;8,00;12,00;2,50;18,50;2,84;492,70;429,33;387,73;20,00;Pollo, harina de gluten de maíz, arroz, grasa de res conservada con tocoferoles mixtos, harina de soya;"Pollo; harina de gluten de maíz; harina de soya";grasa de res conservada con tocoferoles mixtos;arroz;—
269;Alimento para gatos cachorros, adultos, todas las razas;El artesanal;Felino ;Todas las edades a partir de 3 semanas;26,00;6,50;8,00;9,00;4,50;46,00;4,95;416,35;350,27;323,23;3,60;Trigo, maíz, harina de pollo, harina de pescado, pasta de soya;"harina de pollo; harina de pescado; pasta de soya";—;"Trigo; maíz";—
270;Gatsy ;Purina;Felino ;Adulto;26,00;9,00;9,50;12,00;5,50;38,00;6,25;411,15;338,22;311,18;4,00;Harina proteica, maěz, concentrado proteico soya, grasa animal, acido graso omega 3;"Harina proteica; concentrado proteico soya";grasa animal;maěz;acido graso omega 3
271;Excellent;Purina;Felino ;Cachorro;32,00;20,00;8,00;10,00;2,00;28,00;2,22;493,40;434,30;401,02;13,30;Carne de pollo deshidratada, arroz, proteínas de cerdo deshidratadas, gluten de maíz, grasa animal;"Carne de pollo deshidratada; proteínas de cerdo deshidratadas; gluten de maíz";grasa animal;arroz;—
272;Razza;Agripac;Felino;Esterilizados y control de peso;32,00;10,00;8,00;10,00;3,50;36,50;3,89;440,40;377,15;343,87;5,92;Harina de pollo y/o cerdo, arrocillo, trigo, gluten de maíz,aceite de pollo;"Harina de pollo y/o cerdo; gluten de maíz";aceite de pollo;"arrocillo; trigo";—
273;Lechat Excellence Adult Pollo;Monge;Felino;Adultos;33,00;14,00;7,00;8,00;1,60;36,40;1,74;475,50;421,83;387,51;11,00;Pollo deshidratado, arroz, maíz, grasas animales, pescado deshidratado;"Pollo deshidratado; pescado deshidratado";grasas animales;"arroz; maíz";—
274;Gatuco;Bioalimentar;Felino;Cachorro y adultos;24,00;8,00;9,00;10,00;4,00;45,00;4,44;412,90;350,32;325,36;2,38;Harina de pollo, trigo, maíz, soya, arroz;"Harina de pollo; soya";—;"trigo; maíz; arroz";—
275;Chicken Adult;Bravery;Gato;Adulto;32,00;16,00;8,20;8,00;3,70;32,10;4,02;479,58;409,80;376,52;14,50;Carne de pollo deshidratada, tapioca, grasa de ave, proteína de pollo hidrolizada, guisantes;"Carne de pollo deshidratada; proteína de pollo hidrolizada; guisantes";grasa de ave;tapioca;—
276;Grain-Free Indoor Anti-stress;Brit Care;Gato;Adulto;30,00;13,00;6,80;10,00;4,00;36,20;4,44;458,02;388,60;357,40;13,80;Pollo fresco, guisantes amarillos, pollo deshidratado, manzanas secas, calabaza;"Pollo fresco; pollo deshidratado; guisantes amarillos";—;"manzanas secas; calabaza";—
277;Rocky Mountain;Taste of the Wild;Gato;Todas las etapas;42,00;18,00;8,30;10,00;3,00;18,70;3,33;497,57;430,07;386,39;15,50;Harina de pollo, guisantes, camotes, grasa de pollo, proteína de guisante;"Harina de pollo; guisantes; proteína de guisante";grasa de pollo;camotes;—
278;Indoor Cat;Diamond Naturals;Gato;Adulto;32,00;14,00;7,00;10,00;8,00;29,00;8,89;465,70;365,52;332,24;10,50;Pollo, harina de pollo, arroz blanco integral, cebada perlada, celulosa en polvo;"Pollo; harina de pollo";—;"arroz blanco integral; cebada perlada; celulosa en polvo";—
279;Raw Boost Chicken;Instinct;Gato;Adulto;41,00;21,00;8,50;9,00;3,00;17,50;3,30;515,15;445,53;402,89;28,50;Pollo, harina de pollo, harina de pavo, harina de pescado blanco, guisantes;"Pollo; harina de pollo; harina de pavo; harina de pescado blanco; guisantes";—;—;—
280;Royal Canin Hairball;Royal Canin;Felino ;Adulto ;32,00;13,00;6,00;7,50;8,50;33,00;9,19;474,75;370,59;337,31;16,00;Harina de subproductos de pollo, Maiz, Fibra de Guisante (arveja), Arroz de cervecería y Gluten de Maiz ;"Harina de subproductos de pollo; Gluten de Maiz";—;"Maiz; Fibra de Guisante (arveja); Arroz de cervecería";—
281;Acana Hairball;Acana ;Felino ;Adulto;37,00;14,00;9,00;10,00;6,00;24,00;6,67;465,50;380,16;341,68;16,00;Pollo fresco, pollo deshidratado, arenque deshidratado, avena entera, arvejas enteras;"Pollo fresco; pollo deshidratado; arenque deshidratado; arvejas enteras";—;avena entera;—
282;Eukanuba Hairball;Eukanuba ;Felino ;Adulto;35,00;14,00;7,20;10,00;7,80;26,00;8,67;469,68;370,14;333,74;13,00;Pollo y pavo deshidratado, pollo fresco, patata, arroz blanco, arroz integral;"Pollo y pavo deshidratado; pollo fresco";—;"patata; arroz blanco; arroz integral";—
283;Nutritec Premium;Bioalimentar;Felino;Todas las etapas;31,50;12,00;6,50;10,00;4,00;35,00;4,44;452,25;383,71;350,95;11,00;Harina de sardina, proteína de leche, arroz, gluten de maíz, grasa de pollo;"Harina de sardina; proteína de leche; gluten de maíz";grasa de pollo;arroz;—
284;PAL Gato;Bioalimentar;Felino;Adulto;28,00;8,00;8,50;10,00;4,00;41,50;4,44;421,35;357,49;328,37;36,00;Harina de carne , maíz amarillo, glutén de maíz, harina de soya, grasa de pollo;"Harina de carne; glutén de maíz; harina de soya";grasa de pollo;maíz amarillo;—
285;Félix ;Purina ;Felino ;Adulto ;30,00;10,00;9,50;12,00;4,00;34,50;4,55;422,85;358,15;326,95;5,24;Maíz,harina de soya, gluten de maíz, harina de carne y hueso de res, trigo;"harina de soya; gluten de maíz; harina de carne y hueso de res";—;"Maíz; trigo";—
286;NYD PRIME GRAIN FREE;Con patitas ;Felino ;Adultos ;42,00;20,00;8,90;8,00;1,80;19,30;1,96;513,91;454,31;410,63;17,50;Carne de cordero, proteína de cordero deshidratada, almidón de papa, grasa de pollo, huevo deshidratado;"Carne de cordero; proteína de cordero deshidratada; huevo deshidratado";grasa de pollo;almidón de papa;—
287;MICHU DELICIAS DEL MAR ;MICHU;Felino;Adultos y Cachorros;24,00;8,00;9,00;10,00;4,00;43,90;4,44;408,39;346,50;321,54;5,63;Arrocillo, maíz, pasta de soya, harina de sub productos de atún, afrecho de cerveza ;"pasta de soya; harina de sub productos de atún";—;"Arrocillo; maíz; afrecho de cerveza";—
288;EXCELLENCE LECHAT ESTERILIZADOS/POLL;MONGE;FELINO;ADULTOS;33,00;12,00;6,00;8,00;3,00;38,00;3,26;469,00;405,86;371,54;5,92;Carne de pollo deshidratada, arroz, gluten de maíz, maíz grasa animal, levadura de cerveza ;"Carne de pollo deshidratada; gluten de maíz";grasa animal;"arroz; maíz";levadura de cerveza
289;Taste of the Wild Rocky Mountain Feline;Taste of the Wild;Felino ;Adulto;42,00;18,00;8,30;10,00;3,00;18,70;3,33;497,57;430,07;386,39;7,00;Venado, salmón, harina de pescado, guisantes, proteína de guisante;"Venado; salmón; harina de pescado; guisantes; proteína de guisante";—;—;—
290;Leonardo Adult complete 32/16;Leonardo;Felino ;Adulto ;30,00;12,00;8,00;10,00;3,00;37,00;3,33;447,80;387,05;355,85;8,50;Proteína de ave deshidratada, maíz, grasa de ave, trigo, harina de pescado;"Proteína de ave deshidratada; harina de pescado";grasa de ave;"maíz; trigo";—
